,Functional,Reduced Formula,Config,State,F Frac,Pristine Li Frac,True F,True O,True Li,True V,True Nb,True Vac,Energy (eV),Normalized Energy (eV/atom),Volume (A^3),Tet Li,Oct Li,Tet V,Oct V
0,SCAN+rVV10,Nb2VO10,LMOF_mF0.0_xM3_0.1_1273.0K_492,FullDeLi,0,1.4,0,20,0,2,4,14,-340.10783,-13.08107038,359.0294261,0,0,0,2
1,SCAN+rVV10,Li5Nb2VO10,LMOF_mF0.0_xM3_0.1_1273.0K_492,FullDeLiECap,0,1.4,0,20,10,2,4,4,-404.49446,-11.23595722,388.2989263,3,7,2,0
2,SCAN+rVV10,Li7Nb2VO10,LMOF_mF0.0_xM3_0.1_1273.0K_492,Pristine,0,1.4,0,20,14,2,4,0,-424.28827,-10.60720675,366.0131005,0,14,0,2
3,SCAN+rVV10,Nb2VO10,LMOF_mF0.0_xM3_0.1_1273.0K_493,FullDeLi,0,1.4,0,20,0,2,4,14,-338.08499,-13.00326885,336.2228484,0,0,0,2
4,SCAN+rVV10,Li5Nb2VO10,LMOF_mF0.0_xM3_0.1_1273.0K_493,FullDeLiECap,0,1.4,0,20,10,2,4,4,-404.18922,-11.22747833,398.331856,7,3,2,0
5,SCAN+rVV10,Li7Nb2VO10,LMOF_mF0.0_xM3_0.1_1273.0K_493,Pristine,0,1.4,0,20,14,2,4,0,-424.28866,-10.6072165,365.9109066,0,14,0,2
6,SCAN+rVV10,Nb2VO10,LMOF_mF0.0_xM3_0.1_1273.0K_494,FullDeLi,0,1.4,0,20,0,2,4,14,-339.82349,-13.07013423,346.1746142,0,0,0,2
7,SCAN+rVV10,Li5Nb2VO10,LMOF_mF0.0_xM3_0.1_1273.0K_494,FullDeLiECap,0,1.4,0,20,10,2,4,4,-403.51453,-11.20873694,398.2240935,3,7,0,2
8,SCAN+rVV10,Li7Nb2VO10,LMOF_mF0.0_xM3_0.1_1273.0K_494,Pristine,0,1.4,0,20,14,2,4,0,-424.08395,-10.60209875,365.0897516,0,14,0,2
9,SCAN+rVV10,Nb2VO10,LMOF_mF0.0_xM3_0.1_1273.0K_495,FullDeLi,0,1.4,0,20,0,2,4,14,-340.0603,-13.07924231,381.6233488,0,0,1,1
10,SCAN+rVV10,Li5Nb2VO10,LMOF_mF0.0_xM3_0.1_1273.0K_495,FullDeLiECap,0,1.4,0,20,10,2,4,4,-404.32893,-11.23135917,397.5527376,8,2,2,0
11,SCAN+rVV10,Li7Nb2VO10,LMOF_mF0.0_xM3_0.1_1273.0K_495,Pristine,0,1.4,0,20,14,2,4,0,-424.28816,-10.607204,365.9989331,0,14,0,2
12,SCAN+rVV10,Nb2VO10,LMOF_mF0.0_xM3_0.1_1273.0K_496,FullDeLi,0,1.4,0,20,0,2,4,14,-337.63919,-12.98612269,365.7808308,0,0,0,2
13,SCAN+rVV10,Li5Nb2VO10,LMOF_mF0.0_xM3_0.1_1273.0K_496,FullDeLiECap,0,1.4,0,20,10,2,4,4,-403.08157,-11.19671028,391.3841066,4,6,2,0
14,SCAN+rVV10,Li7Nb2VO10,LMOF_mF0.0_xM3_0.1_1273.0K_496,Pristine,0,1.4,0,20,14,2,4,0,-423.93102,-10.5982755,364.9530868,0,14,0,2
15,SCAN+rVV10,Nb2VO10,LMOF_mF0.0_xM3_0.1_1273.0K_497,FullDeLi,0,1.4,0,20,0,2,4,14,-337.44645,-12.97870962,359.7560398,0,0,0,2
16,SCAN+rVV10,Li5Nb2VO10,LMOF_mF0.0_xM3_0.1_1273.0K_497,FullDeLiECap,0,1.4,0,20,10,2,4,4,-404.10199,-11.22505528,386.2610716,3,7,2,0
17,SCAN+rVV10,Li7Nb2VO10,LMOF_mF0.0_xM3_0.1_1273.0K_497,Pristine,0,1.4,0,20,14,2,4,0,-424.19439,-10.60485975,363.4555794,0,14,0,2
18,SCAN+rVV10,Nb2VO10,LMOF_mF0.0_xM3_0.1_1273.0K_498,FullDeLi,0,1.4,0,20,0,2,4,14,-339.17694,-13.04526692,391.7330169,0,0,1,1
19,SCAN+rVV10,Li5Nb2VO10,LMOF_mF0.0_xM3_0.1_1273.0K_498,FullDeLiECap,0,1.4,0,20,10,2,4,4,-404.07582,-11.22432833,397.9214967,9,1,0,2
20,SCAN+rVV10,Li7Nb2VO10,LMOF_mF0.0_xM3_0.1_1273.0K_498,Pristine,0,1.4,0,20,14,2,4,0,-422.94123,-10.57353075,364.3637028,0,14,0,2
21,SCAN+rVV10,Nb2VO10,LMOF_mF0.0_xM3_0.1_1273.0K_499,FullDeLi,0,1.4,0,20,0,2,4,14,-331.33748,-12.74374923,342.8151151,0,0,0,2
22,SCAN+rVV10,Li5Nb2VO10,LMOF_mF0.0_xM3_0.1_1273.0K_499,FullDeLiECap,0,1.4,0,20,10,2,4,4,-404.41472,-11.23374222,389.29166,3,7,2,0
23,SCAN+rVV10,Li7Nb2VO10,LMOF_mF0.0_xM3_0.1_1273.0K_499,Pristine,0,1.4,0,20,14,2,4,0,-424.59062,-10.6147655,365.0684027,0,14,0,2
24,SCAN+rVV10,Nb2VO10,LMOF_mF0.0_xM3_0.1_1273.0K_500,FullDeLi,0,1.4,0,20,0,2,4,14,-337.18339,-12.96859192,353.7727994,0,0,0,2
25,SCAN+rVV10,Li5Nb2VO10,LMOF_mF0.0_xM3_0.1_1273.0K_500,FullDeLiECap,0,1.4,0,20,10,2,4,4,-403.25475,-11.20152083,385.0260616,1,9,2,0
26,SCAN+rVV10,Li7Nb2VO10,LMOF_mF0.0_xM3_0.1_1273.0K_500,Pristine,0,1.4,0,20,14,2,4,0,-424.08591,-10.60214775,364.9735597,0,14,0,2
27,SCAN+rVV10,Nb2VO10,LMOF_mF0.0_xM3_0.1_1273.0K_501,FullDeLi,0,1.4,0,20,0,2,4,14,-336.71561,-12.95060038,379.7650526,0,0,0,2
28,SCAN+rVV10,Li5Nb2VO10,LMOF_mF0.0_xM3_0.1_1273.0K_501,FullDeLiECap,0,1.4,0,20,10,2,4,4,-404.64487,-11.24013528,388.2665141,2,8,2,0
29,SCAN+rVV10,Li7Nb2VO10,LMOF_mF0.0_xM3_0.1_1273.0K_501,Pristine,0,1.4,0,20,14,2,4,0,-424.70758,-10.6176895,365.8926678,0,14,0,2
30,SCAN+rVV10,Li9Nb3V4O20,LMOF_mF0.0_xM3_0.2_1273.0K_492,DeLi4Li,0,1.3,0,20,9,4,3,4,-403.8013,-11.21670278,367.481444,4,5,0,4
31,SCAN+rVV10,Nb3V4O20,LMOF_mF0.0_xM3_0.2_1273.0K_492,FullDeLi,0,1.3,0,20,0,4,3,13,-349.03953,-12.92739,317.6377514,0,0,0,4
32,SCAN+rVV10,Li5Nb3V4O20,LMOF_mF0.0_xM3_0.2_1273.0K_492,FullDeLiECap,0,1.3,0,20,5,4,3,8,-380.1828,-11.8807125,374.4808856,3,2,0,4
33,SCAN+rVV10,Li13Nb3V4O20,LMOF_mF0.0_xM3_0.2_1273.0K_492,Pristine,0,1.3,0,20,13,4,3,0,-423.50021,-10.58750525,361.7422921,0,13,0,4
34,SCAN+rVV10,Li9Nb3V4O20,LMOF_mF0.0_xM3_0.2_1273.0K_493,DeLi4Li,0,1.3,0,20,9,4,3,4,-403.51612,-11.20878111,366.4228368,1,8,0,4
35,SCAN+rVV10,Nb3V4O20,LMOF_mF0.0_xM3_0.2_1273.0K_493,FullDeLi,0,1.3,0,20,0,4,3,13,-344.5068,-12.75951111,324.2989829,0,0,1,3
36,SCAN+rVV10,Li5Nb3V4O20,LMOF_mF0.0_xM3_0.2_1273.0K_493,FullDeLiECap,0,1.3,0,20,5,4,3,8,-379.51589,-11.85987156,366.439561,2,3,0,4
37,SCAN+rVV10,Li13Nb3V4O20,LMOF_mF0.0_xM3_0.2_1273.0K_493,Pristine,0,1.3,0,20,13,4,3,0,-422.74032,-10.568508,363.4262751,0,13,0,4
38,SCAN+rVV10,Li9Nb3V4O20,LMOF_mF0.0_xM3_0.2_1273.0K_494,DeLi4Li,0,1.3,0,20,9,4,3,4,-404.40962,-11.23360056,365.8426919,3,6,0,4
39,SCAN+rVV10,Nb3V4O20,LMOF_mF0.0_xM3_0.2_1273.0K_494,FullDeLi,0,1.3,0,20,0,4,3,13,-346.12633,-12.8194937,340.0927819,0,0,0,4
40,SCAN+rVV10,Li5Nb3V4O20,LMOF_mF0.0_xM3_0.2_1273.0K_494,FullDeLiECap,0,1.3,0,20,5,4,3,8,-382.91149,-11.96598406,369.4528191,3,2,0,4
41,SCAN+rVV10,Li13Nb3V4O20,LMOF_mF0.0_xM3_0.2_1273.0K_494,Pristine,0,1.3,0,20,13,4,3,0,-423.56356,-10.589089,360.7435831,0,13,0,4
42,SCAN+rVV10,Li9Nb3V4O20,LMOF_mF0.0_xM3_0.2_1273.0K_495,DeLi4Li,0,1.3,0,20,9,4,3,4,-403.68002,-11.21333389,369.621697,2,7,0,4
43,SCAN+rVV10,Nb3V4O20,LMOF_mF0.0_xM3_0.2_1273.0K_495,FullDeLi,0,1.3,0,20,0,4,3,13,-348.60747,-12.91138778,343.5521843,0,0,1,3
44,SCAN+rVV10,Li5Nb3V4O20,LMOF_mF0.0_xM3_0.2_1273.0K_495,FullDeLiECap,0,1.3,0,20,5,4,3,8,-381.71206,-11.92850188,367.6745752,2,3,0,4
45,SCAN+rVV10,Li13Nb3V4O20,LMOF_mF0.0_xM3_0.2_1273.0K_495,Pristine,0,1.3,0,20,13,4,3,0,-423.02808,-10.575702,363.3089202,0,13,0,4
46,SCAN+rVV10,Li9Nb3V4O20,LMOF_mF0.0_xM3_0.2_1273.0K_496,DeLi4Li,0,1.3,0,20,9,4,3,4,-403.31351,-11.20315306,372.5269939,3,6,0,4
47,SCAN+rVV10,Nb3V4O20,LMOF_mF0.0_xM3_0.2_1273.0K_496,FullDeLi,0,1.3,0,20,0,4,3,13,-348.8164,-12.91912593,320.7311371,0,0,0,4
48,SCAN+rVV10,Li5Nb3V4O20,LMOF_mF0.0_xM3_0.2_1273.0K_496,FullDeLiECap,0,1.3,0,20,5,4,3,8,-382.15461,-11.94233156,365.285703,2,3,0,4
49,SCAN+rVV10,Li13Nb3V4O20,LMOF_mF0.0_xM3_0.2_1273.0K_496,Pristine,0,1.3,0,20,13,4,3,0,-423.0838,-10.577095,362.7810094,0,13,0,4
50,SCAN+rVV10,Li9Nb3V4O20,LMOF_mF0.0_xM3_0.2_1273.0K_497,DeLi4Li,0,1.3,0,20,9,4,3,4,-403.18961,-11.19971139,371.1624392,2,7,0,4
51,SCAN+rVV10,Nb3V4O20,LMOF_mF0.0_xM3_0.2_1273.0K_497,FullDeLi,0,1.3,0,20,0,4,3,13,-349.03992,-12.92740444,317.6864523,0,0,0,4
52,SCAN+rVV10,Li5Nb3V4O20,LMOF_mF0.0_xM3_0.2_1273.0K_497,FullDeLiECap,0,1.3,0,20,5,4,3,8,-381.74119,-11.92941219,349.1925657,1,4,0,4
53,SCAN+rVV10,Li13Nb3V4O20,LMOF_mF0.0_xM3_0.2_1273.0K_497,Pristine,0,1.3,0,20,13,4,3,0,-423.49715,-10.58742875,361.8864898,0,13,0,4
54,SCAN+rVV10,Li9Nb3V4O20,LMOF_mF0.0_xM3_0.2_1273.0K_498,DeLi4Li,0,1.3,0,20,9,4,3,4,-404.31046,-11.23084611,364.9365428,4,5,0,4
55,SCAN+rVV10,Nb3V4O20,LMOF_mF0.0_xM3_0.2_1273.0K_498,FullDeLi,0,1.3,0,20,0,4,3,13,-349.0578,-12.92806667,361.0206818,0,0,1,3
56,SCAN+rVV10,Li5Nb3V4O20,LMOF_mF0.0_xM3_0.2_1273.0K_498,FullDeLiECap,0,1.3,0,20,5,4,3,8,-380.50522,-11.89078813,369.879443,3,2,0,4
57,SCAN+rVV10,Li13Nb3V4O20,LMOF_mF0.0_xM3_0.2_1273.0K_498,Pristine,0,1.3,0,20,13,4,3,0,-422.79213,-10.56980325,363.4607802,0,13,0,4
58,SCAN+rVV10,Li9Nb3V4O20,LMOF_mF0.0_xM3_0.2_1273.0K_499,DeLi4Li,0,1.3,0,20,9,4,3,4,-403.64842,-11.21245611,369.2769675,2,7,0,4
59,SCAN+rVV10,Nb3V4O20,LMOF_mF0.0_xM3_0.2_1273.0K_499,FullDeLi,0,1.3,0,20,0,4,3,13,-344.60028,-12.76297333,367.0816872,0,0,1,3
60,SCAN+rVV10,Li5Nb3V4O20,LMOF_mF0.0_xM3_0.2_1273.0K_499,FullDeLiECap,0,1.3,0,20,5,4,3,8,-382.17215,-11.94287969,374.8084618,2,3,0,4
61,SCAN+rVV10,Li13Nb3V4O20,LMOF_mF0.0_xM3_0.2_1273.0K_499,Pristine,0,1.3,0,20,13,4,3,0,-423.2183,-10.5804575,362.1092149,0,13,0,4
62,SCAN+rVV10,Li9Nb3V4O20,LMOF_mF0.0_xM3_0.2_1273.0K_500,DeLi4Li,0,1.3,0,20,9,4,3,4,-402.77587,-11.18821861,370.4519191,2,7,0,4
63,SCAN+rVV10,Nb3V4O20,LMOF_mF0.0_xM3_0.2_1273.0K_500,FullDeLi,0,1.3,0,20,0,4,3,13,-346.99703,-12.85174185,473.876223,0,0,2,2
64,SCAN+rVV10,Li5Nb3V4O20,LMOF_mF0.0_xM3_0.2_1273.0K_500,FullDeLiECap,0,1.3,0,20,5,4,3,8,-381.81865,-11.93183281,374.5108172,4,1,2,2
65,SCAN+rVV10,Li13Nb3V4O20,LMOF_mF0.0_xM3_0.2_1273.0K_500,Pristine,0,1.3,0,20,13,4,3,0,-423.11717,-10.57792925,360.4607293,0,13,0,4
66,SCAN+rVV10,Li9Nb3V4O20,LMOF_mF0.0_xM3_0.2_1273.0K_501,DeLi4Li,0,1.3,0,20,9,4,3,4,-404.60856,-11.23912667,358.7176276,1,8,0,4
67,SCAN+rVV10,Nb3V4O20,LMOF_mF0.0_xM3_0.2_1273.0K_501,FullDeLi,0,1.3,0,20,0,4,3,13,-348.33835,-12.90142037,327.3519391,0,0,0,4
68,SCAN+rVV10,Li5Nb3V4O20,LMOF_mF0.0_xM3_0.2_1273.0K_501,FullDeLiECap,0,1.3,0,20,5,4,3,8,-380.41005,-11.88781406,361.9553865,4,1,0,4
69,SCAN+rVV10,Li13Nb3V4O20,LMOF_mF0.0_xM3_0.2_1273.0K_501,Pristine,0,1.3,0,20,13,4,3,0,-423.4973,-10.5874325,361.7446737,0,13,0,4
70,SCAN+rVV10,Li4NbV3O10,LMOF_mF0.0_xM3_0.3_1273.0K_492,DeLi4Li,0,1.2,0,20,8,6,2,4,-403.67953,-11.21332028,357.9695238,3,5,0,6
71,SCAN+rVV10,NbV3O10,LMOF_mF0.0_xM3_0.3_1273.0K_492,FullDeLi,0,1.2,0,20,0,6,2,12,-359.00397,-12.82157036,385.2450221,0,0,3,3
72,SCAN+rVV10,Li6NbV3O10,LMOF_mF0.0_xM3_0.3_1273.0K_492,Pristine,0,1.2,0,20,12,6,2,0,-422.6365,-10.5659125,357.1555721,0,12,0,6
73,SCAN+rVV10,Li4NbV3O10,LMOF_mF0.0_xM3_0.3_1273.0K_493,DeLi4Li,0,1.2,0,20,8,6,2,4,-403.35821,-11.20439472,358.3161686,1,7,0,6
74,SCAN+rVV10,NbV3O10,LMOF_mF0.0_xM3_0.3_1273.0K_493,FullDeLi,0,1.2,0,20,0,6,2,12,-359.2939,-12.831925,319.5407278,0,0,0,6
75,SCAN+rVV10,Li6NbV3O10,LMOF_mF0.0_xM3_0.3_1273.0K_493,Pristine,0,1.2,0,20,12,6,2,0,-422.92921,-10.57323025,357.6639198,0,12,0,6
76,SCAN+rVV10,Li4NbV3O10,LMOF_mF0.0_xM3_0.3_1273.0K_494,DeLi4Li,0,1.2,0,20,8,6,2,4,-403.41948,-11.20609667,369.7762535,4,4,0,6
77,SCAN+rVV10,NbV3O10,LMOF_mF0.0_xM3_0.3_1273.0K_494,FullDeLi,0,1.2,0,20,0,6,2,12,-357.50961,-12.76820036,335.203986,0,0,0,6
78,SCAN+rVV10,Li6NbV3O10,LMOF_mF0.0_xM3_0.3_1273.0K_494,Pristine,0,1.2,0,20,12,6,2,0,-422.24657,-10.55616425,358.5857695,0,12,0,6
79,SCAN+rVV10,Li4NbV3O10,LMOF_mF0.0_xM3_0.3_1273.0K_495,DeLi4Li,0,1.2,0,20,8,6,2,4,-403.63274,-11.21202056,360.2697791,2,6,0,6
80,SCAN+rVV10,NbV3O10,LMOF_mF0.0_xM3_0.3_1273.0K_495,FullDeLi,0,1.2,0,20,0,6,2,12,-359.45026,-12.83750929,335.0745714,0,0,1,5
81,SCAN+rVV10,Li6NbV3O10,LMOF_mF0.0_xM3_0.3_1273.0K_495,Pristine,0,1.2,0,20,12,6,2,0,-422.54891,-10.56372275,358.3387656,0,12,0,6
82,SCAN+rVV10,Li4NbV3O10,LMOF_mF0.0_xM3_0.3_1273.0K_496,DeLi4Li,0,1.2,0,20,8,6,2,4,-403.41532,-11.20598111,354.8014034,1,7,0,6
83,SCAN+rVV10,NbV3O10,LMOF_mF0.0_xM3_0.3_1273.0K_496,FullDeLi,0,1.2,0,20,0,6,2,12,-358.97259,-12.82044964,371.284097,0,0,1,5
84,SCAN+rVV10,Li6NbV3O10,LMOF_mF0.0_xM3_0.3_1273.0K_496,Pristine,0,1.2,0,20,12,6,2,0,-422.95557,-10.57388925,358.6480088,0,12,0,6
85,SCAN+rVV10,Li4NbV3O10,LMOF_mF0.0_xM3_0.3_1273.0K_497,DeLi4Li,0,1.2,0,20,8,6,2,4,-403.49541,-11.20820583,363.5913638,2,6,0,6
86,SCAN+rVV10,NbV3O10,LMOF_mF0.0_xM3_0.3_1273.0K_497,FullDeLi,0,1.2,0,20,0,6,2,12,-360.36039,-12.87001393,361.1465217,0,0,0,6
87,SCAN+rVV10,Li6NbV3O10,LMOF_mF0.0_xM3_0.3_1273.0K_497,Pristine,0,1.2,0,20,12,6,2,0,-422.76244,-10.569061,356.9980407,0,12,0,6
88,SCAN+rVV10,Li4NbV3O10,LMOF_mF0.0_xM3_0.3_1273.0K_498,DeLi4Li,0,1.2,0,20,8,6,2,4,-402.88069,-11.19113028,364.9029843,2,6,0,6
89,SCAN+rVV10,NbV3O10,LMOF_mF0.0_xM3_0.3_1273.0K_498,FullDeLi,0,1.2,0,20,0,6,2,12,-359.31829,-12.83279607,365.2912078,0,0,3,3
90,SCAN+rVV10,Li6NbV3O10,LMOF_mF0.0_xM3_0.3_1273.0K_498,Pristine,0,1.2,0,20,12,6,2,0,-422.66863,-10.56671575,358.8689085,0,12,0,6
91,SCAN+rVV10,Li4NbV3O10,LMOF_mF0.0_xM3_0.3_1273.0K_499,DeLi4Li,0,1.2,0,20,8,6,2,4,-404.09425,-11.22484028,363.5791289,3,5,0,6
92,SCAN+rVV10,NbV3O10,LMOF_mF0.0_xM3_0.3_1273.0K_499,FullDeLi,0,1.2,0,20,0,6,2,12,-359.98083,-12.85645821,339.2487821,0,0,2,4
93,SCAN+rVV10,Li6NbV3O10,LMOF_mF0.0_xM3_0.3_1273.0K_499,Pristine,0,1.2,0,20,12,6,2,0,-422.24572,-10.556143,360.4600152,0,12,0,6
94,SCAN+rVV10,Li4NbV3O10,LMOF_mF0.0_xM3_0.3_1273.0K_500,DeLi4Li,0,1.2,0,20,8,6,2,4,-402.49774,-11.18049278,380.2821703,6,2,0,6
95,SCAN+rVV10,NbV3O10,LMOF_mF0.0_xM3_0.3_1273.0K_500,FullDeLi,0,1.2,0,20,0,6,2,12,-358.95655,-12.81987679,320.758782,0,0,0,6
96,SCAN+rVV10,Li6NbV3O10,LMOF_mF0.0_xM3_0.3_1273.0K_500,Pristine,0,1.2,0,20,12,6,2,0,-422.94774,-10.5736935,358.3921533,0,12,0,6
97,SCAN+rVV10,Li4NbV3O10,LMOF_mF0.0_xM3_0.3_1273.0K_501,DeLi4Li,0,1.2,0,20,8,6,2,4,-404.13869,-11.22607472,362.5121321,1,7,0,6
98,SCAN+rVV10,NbV3O10,LMOF_mF0.0_xM3_0.3_1273.0K_501,FullDeLi,0,1.2,0,20,0,6,2,12,-358.53424,-12.80479429,348.496495,0,0,0,6
99,SCAN+rVV10,Li6NbV3O10,LMOF_mF0.0_xM3_0.3_1273.0K_501,Pristine,0,1.2,0,20,12,6,2,0,-423.317,-10.582925,359.5889948,0,12,0,6
100,SCAN+rVV10,Li7NbV8O20,LMOF_mF0.0_xM3_0.4_1273.0K_492,DeLi4Li,0,1.1,0,20,7,8,1,4,-403.05484,-11.19596778,355.8861951,2,5,0,8
101,SCAN+rVV10,NbV8O20,LMOF_mF0.0_xM3_0.4_1273.0K_492,FullDeLi,0,1.1,0,20,0,8,1,11,-363.53733,-12.53577,318.344621,0,0,0,8
102,SCAN+rVV10,Li11NbV8O20,LMOF_mF0.0_xM3_0.4_1273.0K_492,Pristine,0,1.1,0,20,11,8,1,0,-421.8916,-10.54729,356.3808791,0,11,0,8
103,SCAN+rVV10,Li7NbV8O20,LMOF_mF0.0_xM3_0.4_1273.0K_493,DeLi4Li,0,1.1,0,20,7,8,1,4,-403.05506,-11.19597389,354.5601694,2,5,0,8
104,SCAN+rVV10,NbV8O20,LMOF_mF0.0_xM3_0.4_1273.0K_493,FullDeLi,0,1.1,0,20,0,8,1,11,-364.7579,-12.57785862,330.0405554,0,0,0,8
105,SCAN+rVV10,Li11NbV8O20,LMOF_mF0.0_xM3_0.4_1273.0K_493,Pristine,0,1.1,0,20,11,8,1,0,-422.24306,-10.5560765,354.8677497,0,11,0,8
106,SCAN+rVV10,Li7NbV8O20,LMOF_mF0.0_xM3_0.4_1273.0K_494,DeLi4Li,0,1.1,0,20,7,8,1,4,-402.60486,-11.18346833,353.0011148,0,7,0,8
107,SCAN+rVV10,NbV8O20,LMOF_mF0.0_xM3_0.4_1273.0K_494,FullDeLi,0,1.1,0,20,0,8,1,11,-364.92572,-12.58364552,334.4596313,0,0,0,8
108,SCAN+rVV10,Li11NbV8O20,LMOF_mF0.0_xM3_0.4_1273.0K_494,Pristine,0,1.1,0,20,11,8,1,0,-422.29657,-10.55741425,354.1024021,0,11,0,8
109,SCAN+rVV10,Li7NbV8O20,LMOF_mF0.0_xM3_0.4_1273.0K_495,DeLi4Li,0,1.1,0,20,7,8,1,4,-402.42352,-11.17843111,351.3681841,1,6,0,8
110,SCAN+rVV10,NbV8O20,LMOF_mF0.0_xM3_0.4_1273.0K_495,FullDeLi,0,1.1,0,20,0,8,1,11,-364.78988,-12.57896138,321.0984299,0,0,0,8
111,SCAN+rVV10,Li11NbV8O20,LMOF_mF0.0_xM3_0.4_1273.0K_495,Pristine,0,1.1,0,20,11,8,1,0,-421.99228,-10.549807,355.4710749,0,11,0,8
112,SCAN+rVV10,Li7NbV8O20,LMOF_mF0.0_xM3_0.4_1273.0K_496,DeLi4Li,0,1.1,0,20,7,8,1,4,-401.04856,-11.14023778,341.3963908,0,7,0,8
113,SCAN+rVV10,NbV8O20,LMOF_mF0.0_xM3_0.4_1273.0K_496,FullDeLi,0,1.1,0,20,0,8,1,11,-363.67432,-12.54049379,324.9775245,0,0,0,8
114,SCAN+rVV10,Li11NbV8O20,LMOF_mF0.0_xM3_0.4_1273.0K_496,Pristine,0,1.1,0,20,11,8,1,0,-421.4056,-10.53514,353.1773474,0,11,0,8
115,SCAN+rVV10,Li7NbV8O20,LMOF_mF0.0_xM3_0.4_1273.0K_497,DeLi4Li,0,1.1,0,20,7,8,1,4,-402.85609,-11.19044694,350.3650621,2,5,0,8
116,SCAN+rVV10,NbV8O20,LMOF_mF0.0_xM3_0.4_1273.0K_497,FullDeLi,0,1.1,0,20,0,8,1,11,-363.8172,-12.54542069,335.6776941,0,0,0,8
117,SCAN+rVV10,Li11NbV8O20,LMOF_mF0.0_xM3_0.4_1273.0K_497,Pristine,0,1.1,0,20,11,8,1,0,-421.52021,-10.53800525,357.931917,0,11,0,8
118,SCAN+rVV10,Li7NbV8O20,LMOF_mF0.0_xM3_0.4_1273.0K_498,DeLi4Li,0,1.1,0,20,7,8,1,4,-402.42375,-11.1784375,351.3566754,0,7,0,8
119,SCAN+rVV10,NbV8O20,LMOF_mF0.0_xM3_0.4_1273.0K_498,FullDeLi,0,1.1,0,20,0,8,1,11,-365.32012,-12.59724552,329.603981,0,0,0,8
120,SCAN+rVV10,Li11NbV8O20,LMOF_mF0.0_xM3_0.4_1273.0K_498,Pristine,0,1.1,0,20,11,8,1,0,-421.9243,-10.5481075,354.0278463,0,11,0,8
121,SCAN+rVV10,Li7NbV8O20,LMOF_mF0.0_xM3_0.4_1273.0K_499,DeLi4Li,0,1.1,0,20,7,8,1,4,-403.51599,-11.2087775,355.9048557,2,5,0,8
122,SCAN+rVV10,NbV8O20,LMOF_mF0.0_xM3_0.4_1273.0K_499,FullDeLi,0,1.1,0,20,0,8,1,11,-363.75119,-12.54314448,338.4537871,0,0,1,7
123,SCAN+rVV10,Li11NbV8O20,LMOF_mF0.0_xM3_0.4_1273.0K_499,Pristine,0,1.1,0,20,11,8,1,0,-422.16633,-10.55415825,357.7220083,0,11,0,8
124,SCAN+rVV10,Li7NbV8O20,LMOF_mF0.0_xM3_0.4_1273.0K_500,DeLi4Li,0,1.1,0,20,7,8,1,4,-403.082,-11.19672222,355.617282,2,5,0,8
125,SCAN+rVV10,NbV8O20,LMOF_mF0.0_xM3_0.4_1273.0K_500,FullDeLi,0,1.1,0,20,0,8,1,11,-364.56225,-12.57111207,329.9180196,0,0,0,8
126,SCAN+rVV10,Li11NbV8O20,LMOF_mF0.0_xM3_0.4_1273.0K_500,Pristine,0,1.1,0,20,11,8,1,0,-422.35247,-10.55881175,354.9808883,0,11,0,8
127,SCAN+rVV10,Li7NbV8O20,LMOF_mF0.0_xM3_0.4_1273.0K_501,DeLi4Li,0,1.1,0,20,7,8,1,4,-402.38603,-11.17738972,352.7463006,1,6,0,8
128,SCAN+rVV10,NbV8O20,LMOF_mF0.0_xM3_0.4_1273.0K_501,FullDeLi,0,1.1,0,20,0,8,1,11,-364.02796,-12.55268828,333.2662545,0,0,0,8
129,SCAN+rVV10,Li11NbV8O20,LMOF_mF0.0_xM3_0.4_1273.0K_501,Pristine,0,1.1,0,20,11,8,1,0,-421.50982,-10.5377455,357.8754209,0,11,0,8
130,SCAN+rVV10,Li3V5O10,LMOF_mF0.0_xM3_0.5_1273.0K_492,DeLi4Li,0,1,0,20,6,10,0,4,-401.59713,-11.15547583,347.029063,0,6,0,10
131,SCAN+rVV10,VO2,LMOF_mF0.0_xM3_0.5_1273.0K_492,FullDeLi,0,1,0,20,0,10,0,10,-370.37919,-12.345973,324.9337101,0,0,0,10
132,SCAN+rVV10,LiVO2,LMOF_mF0.0_xM3_0.5_1273.0K_492,Pristine,0,1,0,20,10,10,0,0,-421.52768,-10.538192,354.1282518,0,10,0,10
133,SCAN+rVV10,Li3V5O10,LMOF_mF0.0_xM3_0.5_1273.0K_493,DeLi4Li,0,1,0,20,6,10,0,4,-401.04159,-11.14004417,347.9489657,0,6,0,10
134,SCAN+rVV10,VO2,LMOF_mF0.0_xM3_0.5_1273.0K_493,FullDeLi,0,1,0,20,0,10,0,10,-369.60134,-12.32004467,325.5575241,0,0,0,10
135,SCAN+rVV10,LiVO2,LMOF_mF0.0_xM3_0.5_1273.0K_493,Pristine,0,1,0,20,10,10,0,0,-421.41117,-10.53527925,352.9761744,0,10,0,10
136,SCAN+rVV10,Li3V5O10,LMOF_mF0.0_xM3_0.5_1273.0K_494,DeLi4Li,0,1,0,20,6,10,0,4,-401.66583,-11.15738417,346.5528393,0,6,0,10
137,SCAN+rVV10,VO2,LMOF_mF0.0_xM3_0.5_1273.0K_494,FullDeLi,0,1,0,20,0,10,0,10,-370.48625,-12.34954167,328.1989736,0,0,0,10
138,SCAN+rVV10,LiVO2,LMOF_mF0.0_xM3_0.5_1273.0K_494,Pristine,0,1,0,20,10,10,0,0,-421.52821,-10.53820525,353.4135155,0,10,0,10
139,SCAN+rVV10,Li3V5O10,LMOF_mF0.0_xM3_0.5_1273.0K_495,DeLi4Li,0,1,0,20,6,10,0,4,-401.37995,-11.14944306,346.2143707,0,6,0,10
140,SCAN+rVV10,VO2,LMOF_mF0.0_xM3_0.5_1273.0K_495,FullDeLi,0,1,0,20,0,10,0,10,-370.06521,-12.335507,332.6564127,0,0,0,10
141,SCAN+rVV10,LiVO2,LMOF_mF0.0_xM3_0.5_1273.0K_495,Pristine,0,1,0,20,10,10,0,0,-421.2632,-10.53158,352.4393353,0,10,0,10
142,SCAN+rVV10,Li3V5O10,LMOF_mF0.0_xM3_0.5_1273.0K_496,DeLi4Li,0,1,0,20,6,10,0,4,-401.65947,-11.1572075,346.4926644,0,6,0,10
143,SCAN+rVV10,VO2,LMOF_mF0.0_xM3_0.5_1273.0K_496,FullDeLi,0,1,0,20,0,10,0,10,-370.38846,-12.346282,325.0801016,0,0,0,10
144,SCAN+rVV10,LiVO2,LMOF_mF0.0_xM3_0.5_1273.0K_496,Pristine,0,1,0,20,10,10,0,0,-421.50762,-10.5376905,353.4555793,0,10,0,10
145,SCAN+rVV10,Li3V5O10,LMOF_mF0.0_xM3_0.5_1273.0K_497,DeLi4Li,0,1,0,20,6,10,0,4,-401.95251,-11.1653475,346.1300035,0,6,0,10
146,SCAN+rVV10,VO2,LMOF_mF0.0_xM3_0.5_1273.0K_497,FullDeLi,0,1,0,20,0,10,0,10,-370.32883,-12.34429433,324.8803406,0,0,0,10
147,SCAN+rVV10,LiVO2,LMOF_mF0.0_xM3_0.5_1273.0K_497,Pristine,0,1,0,20,10,10,0,0,-421.52847,-10.53821175,353.3649319,0,10,0,10
148,SCAN+rVV10,Li3V5O10,LMOF_mF0.0_xM3_0.5_1273.0K_498,DeLi4Li,0,1,0,20,6,10,0,4,-401.78456,-11.16068222,350.8756774,0,6,0,10
149,SCAN+rVV10,VO2,LMOF_mF0.0_xM3_0.5_1273.0K_498,FullDeLi,0,1,0,20,0,10,0,10,-370.33663,-12.34455433,323.8650704,0,0,0,10
150,SCAN+rVV10,LiVO2,LMOF_mF0.0_xM3_0.5_1273.0K_498,Pristine,0,1,0,20,10,10,0,0,-421.53259,-10.53831475,353.6488715,0,10,0,10
151,SCAN+rVV10,Li3V5O10,LMOF_mF0.0_xM3_0.5_1273.0K_499,DeLi4Li,0,1,0,20,6,10,0,4,-401.83133,-11.16198139,349.820599,1,5,0,10
152,SCAN+rVV10,VO2,LMOF_mF0.0_xM3_0.5_1273.0K_499,FullDeLi,0,1,0,20,0,10,0,10,-369.29828,-12.30994267,340.1284269,0,0,0,10
153,SCAN+rVV10,LiVO2,LMOF_mF0.0_xM3_0.5_1273.0K_499,Pristine,0,1,0,20,10,10,0,0,-421.3753,-10.5343825,355.0638285,0,10,0,10
154,SCAN+rVV10,Li3V5O10,LMOF_mF0.0_xM3_0.5_1273.0K_500,DeLi4Li,0,1,0,20,6,10,0,4,-401.87235,-11.16312083,351.0034719,1,5,0,10
155,SCAN+rVV10,VO2,LMOF_mF0.0_xM3_0.5_1273.0K_500,FullDeLi,0,1,0,20,0,10,0,10,-370.48208,-12.34940267,332.2013268,0,0,0,10
156,SCAN+rVV10,LiVO2,LMOF_mF0.0_xM3_0.5_1273.0K_500,Pristine,0,1,0,20,10,10,0,0,-421.51613,-10.53790325,353.7521059,0,10,0,10
157,SCAN+rVV10,Li10Nb3V3(O9F)2,LMOF_mF0.1_xM3_0.15_1273.0K_476,DeLi4Li,0.2,1.4,2,18,10,3,3,4,-384.56489,-10.68235806,361.5642262,2,8,0,3
158,SCAN+rVV10,Nb3V3(O9F)2,LMOF_mF0.1_xM3_0.15_1273.0K_476,FullDeLi,0.2,1.4,2,18,0,3,3,14,-316.64233,-12.17855115,337.6243614,0,0,0,3
159,SCAN+rVV10,Li8Nb3V3(O9F)2,LMOF_mF0.1_xM3_0.15_1273.0K_476,FullDeLiECap,0.2,1.4,2,18,8,3,3,6,-372.74669,-10.96313794,369.085201,3,5,0,3
160,SCAN+rVV10,Li14Nb3V3(O9F)2,LMOF_mF0.1_xM3_0.15_1273.0K_476,Pristine,0.2,1.4,2,18,14,3,3,0,-405.31028,-10.132757,356.3828404,0,14,0,3
161,SCAN+rVV10,Li10Nb3V3(O9F)2,LMOF_mF0.1_xM3_0.15_1273.0K_477,DeLi4Li,0.2,1.4,2,18,10,3,3,4,-384.36164,-10.67671222,342.4872528,0,10,0,3
162,SCAN+rVV10,Nb3V3(O9F)2,LMOF_mF0.1_xM3_0.15_1273.0K_477,FullDeLi,0.2,1.4,2,18,0,3,3,14,-320.58306,-12.33011769,311.9073155,0,0,0,3
163,SCAN+rVV10,Li8Nb3V3(O9F)2,LMOF_mF0.1_xM3_0.15_1273.0K_477,FullDeLiECap,0.2,1.4,2,18,8,3,3,6,-373.62915,-10.98909265,348.1009882,1,7,0,3
164,SCAN+rVV10,Li14Nb3V3(O9F)2,LMOF_mF0.1_xM3_0.15_1273.0K_477,Pristine,0.2,1.4,2,18,14,3,3,0,-405.34537,-10.13363425,349.030954,0,14,0,3
165,SCAN+rVV10,Li10Nb3V3(O9F)2,LMOF_mF0.1_xM3_0.15_1273.0K_478,DeLi4Li,0.2,1.4,2,18,10,3,3,4,-384.98782,-10.69410611,347.5119341,0,10,0,3
166,SCAN+rVV10,Nb3V3(O9F)2,LMOF_mF0.1_xM3_0.15_1273.0K_478,FullDeLi,0.2,1.4,2,18,0,3,3,14,-323.46638,-12.44101462,324.987479,0,0,0,3
167,SCAN+rVV10,Li8Nb3V3(O9F)2,LMOF_mF0.1_xM3_0.15_1273.0K_478,FullDeLiECap,0.2,1.4,2,18,8,3,3,6,-374.9169,-11.02696765,357.0973856,1,7,2,1
168,SCAN+rVV10,Li14Nb3V3(O9F)2,LMOF_mF0.1_xM3_0.15_1273.0K_478,Pristine,0.2,1.4,2,18,14,3,3,0,-405.87548,-10.146887,351.675947,0,14,0,3
169,SCAN+rVV10,Li10Nb3V3(O9F)2,LMOF_mF0.1_xM3_0.15_1273.0K_479,DeLi4Li,0.2,1.4,2,18,10,3,3,4,-384.16065,-10.67112917,375.2158105,5,5,0,3
170,SCAN+rVV10,Nb3V3(O9F)2,LMOF_mF0.1_xM3_0.15_1273.0K_479,FullDeLi,0.2,1.4,2,18,0,3,3,14,-319.97007,-12.30654115,397.608281,0,0,0,3
171,SCAN+rVV10,Li8Nb3V3(O9F)2,LMOF_mF0.1_xM3_0.15_1273.0K_479,FullDeLiECap,0.2,1.4,2,18,8,3,3,6,-372.22187,-10.94770206,360.9513545,3,5,0,3
172,SCAN+rVV10,Li14Nb3V3(O9F)2,LMOF_mF0.1_xM3_0.15_1273.0K_479,Pristine,0.2,1.4,2,18,14,3,3,0,-404.69537,-10.11738425,358.272643,0,14,0,3
173,SCAN+rVV10,Li10Nb3V3(O9F)2,LMOF_mF0.1_xM3_0.15_1273.0K_480,DeLi4Li,0.2,1.4,2,18,10,3,3,4,-383.65931,-10.65720306,378.5881255,4,6,0,3
174,SCAN+rVV10,Nb3V3(O9F)2,LMOF_mF0.1_xM3_0.15_1273.0K_480,FullDeLi,0.2,1.4,2,18,0,3,3,14,-318.7112,-12.25812308,313.512227,0,0,0,3
175,SCAN+rVV10,Li8Nb3V3(O9F)2,LMOF_mF0.1_xM3_0.15_1273.0K_480,FullDeLiECap,0.2,1.4,2,18,8,3,3,6,-370.48374,-10.89658059,372.099702,4,4,0,3
176,SCAN+rVV10,Li14Nb3V3(O9F)2,LMOF_mF0.1_xM3_0.15_1273.0K_480,Pristine,0.2,1.4,2,18,14,3,3,0,-404.75936,-10.118984,358.0403555,0,14,0,3
177,SCAN+rVV10,Li10Nb3V3(O9F)2,LMOF_mF0.1_xM3_0.15_1273.0K_481,DeLi4Li,0.2,1.4,2,18,10,3,3,4,-384.70425,-10.68622917,352.2157901,1,9,0,3
178,SCAN+rVV10,Nb3V3(O9F)2,LMOF_mF0.1_xM3_0.15_1273.0K_481,FullDeLi,0.2,1.4,2,18,0,3,3,14,-318.26742,-12.24105462,360.1714514,0,0,0,3
179,SCAN+rVV10,Li8Nb3V3(O9F)2,LMOF_mF0.1_xM3_0.15_1273.0K_481,FullDeLiECap,0.2,1.4,2,18,8,3,3,6,-374.9704,-11.02854118,364.5342911,5,3,1,2
180,SCAN+rVV10,Li14Nb3V3(O9F)2,LMOF_mF0.1_xM3_0.15_1273.0K_481,Pristine,0.2,1.4,2,18,14,3,3,0,-405.83392,-10.145848,351.8103155,0,14,0,3
181,SCAN+rVV10,Li10Nb3V3(O9F)2,LMOF_mF0.1_xM3_0.15_1273.0K_482,DeLi4Li,0.2,1.4,2,18,10,3,3,4,-385.31319,-10.70314417,359.9959034,2,8,0,3
182,SCAN+rVV10,Nb3V3(O9F)2,LMOF_mF0.1_xM3_0.15_1273.0K_482,FullDeLi,0.2,1.4,2,18,0,3,3,14,-315.05341,-12.11743885,354.1316136,0,0,0,3
183,SCAN+rVV10,Li8Nb3V3(O9F)2,LMOF_mF0.1_xM3_0.15_1273.0K_482,FullDeLiECap,0.2,1.4,2,18,8,3,3,6,-374.6452,-11.01897647,373.2736151,5,3,0,3
184,SCAN+rVV10,Li14Nb3V3(O9F)2,LMOF_mF0.1_xM3_0.15_1273.0K_482,Pristine,0.2,1.4,2,18,14,3,3,0,-405.63964,-10.140991,355.2270698,0,14,0,3
185,SCAN+rVV10,Li10Nb3V3(O9F)2,LMOF_mF0.1_xM3_0.15_1273.0K_483,DeLi4Li,0.2,1.4,2,18,10,3,3,4,-384.24207,-10.67339083,367.9632908,2,8,0,3
186,SCAN+rVV10,Nb3V3(O9F)2,LMOF_mF0.1_xM3_0.15_1273.0K_483,FullDeLi,0.2,1.4,2,18,0,3,3,14,-314.53499,-12.09749962,376.0587415,0,0,0,3
187,SCAN+rVV10,Li8Nb3V3(O9F)2,LMOF_mF0.1_xM3_0.15_1273.0K_483,FullDeLiECap,0.2,1.4,2,18,8,3,3,6,-373.42899,-10.98320559,372.8225497,4,4,0,3
188,SCAN+rVV10,Li14Nb3V3(O9F)2,LMOF_mF0.1_xM3_0.15_1273.0K_483,Pristine,0.2,1.4,2,18,14,3,3,0,-405.00595,-10.12514875,360.9960556,0,14,0,3
189,SCAN+rVV10,Li10Nb3V3(O9F)2,LMOF_mF0.1_xM3_0.15_1273.0K_484,DeLi4Li,0.2,1.4,2,18,10,3,3,4,-384.60736,-10.68353778,352.016967,1,9,0,3
190,SCAN+rVV10,Nb3V3(O9F)2,LMOF_mF0.1_xM3_0.15_1273.0K_484,FullDeLi,0.2,1.4,2,18,0,3,3,14,-315.52458,-12.13556077,328.6449852,0,0,0,3
191,SCAN+rVV10,Li8Nb3V3(O9F)2,LMOF_mF0.1_xM3_0.15_1273.0K_484,FullDeLiECap,0.2,1.4,2,18,8,3,3,6,-374.02503,-11.00073618,347.6218128,2,6,0,3
192,SCAN+rVV10,Li14Nb3V3(O9F)2,LMOF_mF0.1_xM3_0.15_1273.0K_484,Pristine,0.2,1.4,2,18,14,3,3,0,-405.93977,-10.14849425,352.0374891,0,14,0,3
193,SCAN+rVV10,Li10Nb3V3(O9F)2,LMOF_mF0.1_xM3_0.15_1273.0K_485,DeLi4Li,0.2,1.4,2,18,10,3,3,4,-384.19409,-10.67205806,350.2021897,0,10,0,3
194,SCAN+rVV10,Nb3V3(O9F)2,LMOF_mF0.1_xM3_0.15_1273.0K_485,FullDeLi,0.2,1.4,2,18,0,3,3,14,-314.47668,-12.09525692,334.6491848,0,0,0,3
195,SCAN+rVV10,Li8Nb3V3(O9F)2,LMOF_mF0.1_xM3_0.15_1273.0K_485,FullDeLiECap,0.2,1.4,2,18,8,3,3,6,-374.17734,-11.00521588,376.4308324,6,2,1,2
196,SCAN+rVV10,Li14Nb3V3(O9F)2,LMOF_mF0.1_xM3_0.15_1273.0K_485,Pristine,0.2,1.4,2,18,14,3,3,0,-405.62087,-10.14052175,351.7324912,0,14,0,3
197,SCAN+rVV10,Li9Nb2V5(O9F)2,LMOF_mF0.1_xM3_0.25_1273.0K_477,DeLi4Li,0.2,1.3,2,18,9,5,2,4,-383.54821,-10.65411694,354.2611411,1,8,0,5
198,SCAN+rVV10,Nb2V5(O9F)2,LMOF_mF0.1_xM3_0.25_1273.0K_477,FullDeLi,0.2,1.3,2,18,0,5,2,13,-331.56381,-12.28014111,336.675685,0,0,1,4
199,SCAN+rVV10,Li3Nb2V5(O9F)2,LMOF_mF0.1_xM3_0.25_1273.0K_477,FullDeLiECap,0.2,1.3,2,18,3,5,2,10,-349.99063,-11.66635433,336.687853,2,1,0,5
200,SCAN+rVV10,Li13Nb2V5(O9F)2,LMOF_mF0.1_xM3_0.25_1273.0K_477,Pristine,0.2,1.3,2,18,13,5,2,0,-404.53482,-10.1133705,352.7000874,0,13,0,5
201,SCAN+rVV10,Li9Nb2V5(O9F)2,LMOF_mF0.1_xM3_0.25_1273.0K_478,DeLi4Li,0.2,1.3,2,18,9,5,2,4,-385.25426,-10.70150722,351.0473505,2,7,0,5
202,SCAN+rVV10,Nb2V5(O9F)2,LMOF_mF0.1_xM3_0.25_1273.0K_478,FullDeLi,0.2,1.3,2,18,0,5,2,13,-326.62422,-12.09719333,358.109893,0,0,1,4
203,SCAN+rVV10,Li3Nb2V5(O9F)2,LMOF_mF0.1_xM3_0.25_1273.0K_478,FullDeLiECap,0.2,1.3,2,18,3,5,2,10,-349.448,-11.64826667,355.7145576,0,3,1,4
204,SCAN+rVV10,Li13Nb2V5(O9F)2,LMOF_mF0.1_xM3_0.25_1273.0K_478,Pristine,0.2,1.3,2,18,13,5,2,0,-405.1428,-10.12857,353.9999004,0,13,0,5
205,SCAN+rVV10,Li9Nb2V5(O9F)2,LMOF_mF0.1_xM3_0.25_1273.0K_479,DeLi4Li,0.2,1.3,2,18,9,5,2,4,-384.21549,-10.6726525,339.8586144,0,9,0,5
206,SCAN+rVV10,Nb2V5(O9F)2,LMOF_mF0.1_xM3_0.25_1273.0K_479,FullDeLi,0.2,1.3,2,18,0,5,2,13,-330.84785,-12.25362407,343.0806809,0,0,0,5
207,SCAN+rVV10,Li3Nb2V5(O9F)2,LMOF_mF0.1_xM3_0.25_1273.0K_479,FullDeLiECap,0.2,1.3,2,18,3,5,2,10,-349.41938,-11.64731267,335.3391594,0,3,1,4
208,SCAN+rVV10,Li13Nb2V5(O9F)2,LMOF_mF0.1_xM3_0.25_1273.0K_479,Pristine,0.2,1.3,2,18,13,5,2,0,-405.20733,-10.13018325,348.3296718,0,13,0,5
209,SCAN+rVV10,Li9Nb2V5(O9F)2,LMOF_mF0.1_xM3_0.25_1273.0K_480,DeLi4Li,0.2,1.3,2,18,9,5,2,4,-384.1332,-10.67036667,345.5632867,0,9,0,5
210,SCAN+rVV10,Nb2V5(O9F)2,LMOF_mF0.1_xM3_0.25_1273.0K_480,FullDeLi,0.2,1.3,2,18,0,5,2,13,-326.71839,-12.10068111,342.3021362,0,0,1,4
211,SCAN+rVV10,Li3Nb2V5(O9F)2,LMOF_mF0.1_xM3_0.25_1273.0K_480,FullDeLiECap,0.2,1.3,2,18,3,5,2,10,-350.34718,-11.67823933,351.2923886,3,0,2,3
212,SCAN+rVV10,Li13Nb2V5(O9F)2,LMOF_mF0.1_xM3_0.25_1273.0K_480,Pristine,0.2,1.3,2,18,13,5,2,0,-405.24468,-10.131117,352.8221981,0,13,0,5
213,SCAN+rVV10,Li9Nb2V5(O9F)2,LMOF_mF0.1_xM3_0.25_1273.0K_481,DeLi4Li,0.2,1.3,2,18,9,5,2,4,-384.55234,-10.68200944,344.1086675,0,9,0,5
214,SCAN+rVV10,Nb2V5(O9F)2,LMOF_mF0.1_xM3_0.25_1273.0K_481,FullDeLi,0.2,1.3,2,18,0,5,2,13,-328.01165,-12.14857963,337.7711768,0,0,0,5
215,SCAN+rVV10,Li3Nb2V5(O9F)2,LMOF_mF0.1_xM3_0.25_1273.0K_481,FullDeLiECap,0.2,1.3,2,18,3,5,2,10,-350.25573,-11.675191,339.1188495,3,0,0,5
216,SCAN+rVV10,Li13Nb2V5(O9F)2,LMOF_mF0.1_xM3_0.25_1273.0K_481,Pristine,0.2,1.3,2,18,13,5,2,0,-405.10094,-10.1275235,349.0291905,0,13,0,5
217,SCAN+rVV10,Li9Nb2V5(O9F)2,LMOF_mF0.1_xM3_0.25_1273.0K_482,DeLi4Li,0.2,1.3,2,18,9,5,2,4,-384.04899,-10.6680275,340.5509552,0,9,0,5
218,SCAN+rVV10,Nb2V5(O9F)2,LMOF_mF0.1_xM3_0.25_1273.0K_482,FullDeLi,0.2,1.3,2,18,0,5,2,13,-329.1804,-12.19186667,322.4432163,0,0,0,5
219,SCAN+rVV10,Li3Nb2V5(O9F)2,LMOF_mF0.1_xM3_0.25_1273.0K_482,FullDeLiECap,0.2,1.3,2,18,3,5,2,10,-351.85878,-11.728626,341.701504,1,2,0,5
220,SCAN+rVV10,Li13Nb2V5(O9F)2,LMOF_mF0.1_xM3_0.25_1273.0K_482,Pristine,0.2,1.3,2,18,13,5,2,0,-405.07337,-10.12683425,347.2487914,0,13,0,5
221,SCAN+rVV10,Li9Nb2V5(O9F)2,LMOF_mF0.1_xM3_0.25_1273.0K_483,DeLi4Li,0.2,1.3,2,18,9,5,2,4,-384.85214,-10.69033722,342.7822052,1,8,0,5
222,SCAN+rVV10,Nb2V5(O9F)2,LMOF_mF0.1_xM3_0.25_1273.0K_483,FullDeLi,0.2,1.3,2,18,0,5,2,13,-327.97185,-12.14710556,338.9462796,0,0,0,5
223,SCAN+rVV10,Li3Nb2V5(O9F)2,LMOF_mF0.1_xM3_0.25_1273.0K_483,FullDeLiECap,0.2,1.3,2,18,3,5,2,10,-348.55591,-11.61853033,344.7206375,1,2,2,3
224,SCAN+rVV10,Li13Nb2V5(O9F)2,LMOF_mF0.1_xM3_0.25_1273.0K_483,Pristine,0.2,1.3,2,18,13,5,2,0,-404.80229,-10.12005725,347.4122885,0,13,0,5
225,SCAN+rVV10,Li9Nb2V5(O9F)2,LMOF_mF0.1_xM3_0.25_1273.0K_484,DeLi4Li,0.2,1.3,2,18,9,5,2,4,-384.42442,-10.67845611,344.2006599,0,9,0,5
226,SCAN+rVV10,Nb2V5(O9F)2,LMOF_mF0.1_xM3_0.25_1273.0K_484,FullDeLi,0.2,1.3,2,18,0,5,2,13,-327.88057,-12.14372481,331.7097014,0,0,1,4
227,SCAN+rVV10,Li3Nb2V5(O9F)2,LMOF_mF0.1_xM3_0.25_1273.0K_484,FullDeLiECap,0.2,1.3,2,18,3,5,2,10,-350.69707,-11.68990233,329.0605373,2,1,1,4
228,SCAN+rVV10,Li13Nb2V5(O9F)2,LMOF_mF0.1_xM3_0.25_1273.0K_484,Pristine,0.2,1.3,2,18,13,5,2,0,-405.50302,-10.1375755,349.3933227,0,13,0,5
229,SCAN+rVV10,Li9Nb2V5(O9F)2,LMOF_mF0.1_xM3_0.25_1273.0K_485,DeLi4Li,0.2,1.3,2,18,9,5,2,4,-385.034,-10.69538889,341.8762887,0,9,0,5
230,SCAN+rVV10,Nb2V5(O9F)2,LMOF_mF0.1_xM3_0.25_1273.0K_485,FullDeLi,0.2,1.3,2,18,0,5,2,13,-329.40316,-12.20011704,397.7046782,0,0,2,3
231,SCAN+rVV10,Li3Nb2V5(O9F)2,LMOF_mF0.1_xM3_0.25_1273.0K_485,FullDeLiECap,0.2,1.3,2,18,3,5,2,10,-351.70717,-11.72357233,365.9200659,1,2,1,4
232,SCAN+rVV10,Li13Nb2V5(O9F)2,LMOF_mF0.1_xM3_0.25_1273.0K_485,Pristine,0.2,1.3,2,18,13,5,2,0,-405.23067,-10.13076675,347.8343543,0,13,0,5
233,SCAN+rVV10,Li9Nb2V5(O9F)2,LMOF_mF0.1_xM3_0.25_1273.0K_486,DeLi4Li,0.2,1.3,2,18,9,5,2,4,-384.07977,-10.6688825,340.5081488,0,9,0,5
234,SCAN+rVV10,Nb2V5(O9F)2,LMOF_mF0.1_xM3_0.25_1273.0K_486,FullDeLi,0.2,1.3,2,18,0,5,2,13,-329.58002,-12.20666741,386.5836456,0,0,2,3
235,SCAN+rVV10,Li3Nb2V5(O9F)2,LMOF_mF0.1_xM3_0.25_1273.0K_486,FullDeLiECap,0.2,1.3,2,18,3,5,2,10,-352.48956,-11.749652,335.9957946,1,2,0,5
236,SCAN+rVV10,Li13Nb2V5(O9F)2,LMOF_mF0.1_xM3_0.25_1273.0K_486,Pristine,0.2,1.3,2,18,13,5,2,0,-405.22761,-10.13069025,347.9444693,0,13,0,5
237,SCAN+rVV10,Li8NbV7(O9F)2,LMOF_mF0.1_xM3_0.35_1273.0K_492,DeLi4Li,0.2,1.2,2,18,8,7,1,4,-384.1098,-10.66971667,337.8897501,0,8,0,7
238,SCAN+rVV10,NbV7(O9F)2,LMOF_mF0.1_xM3_0.35_1273.0K_492,FullDeLi,0.2,1.2,2,18,0,7,1,12,-339.53051,-12.12608964,326.9907564,0,0,0,7
239,SCAN+rVV10,Li12NbV7(O9F)2,LMOF_mF0.1_xM3_0.35_1273.0K_492,Pristine,0.2,1.2,2,18,12,7,1,0,-404.46573,-10.11164325,347.7521443,0,12,0,7
240,SCAN+rVV10,Li8NbV7(O9F)2,LMOF_mF0.1_xM3_0.35_1273.0K_493,DeLi4Li,0.2,1.2,2,18,8,7,1,4,-383.67677,-10.65768806,351.1644245,1,7,0,7
241,SCAN+rVV10,NbV7(O9F)2,LMOF_mF0.1_xM3_0.35_1273.0K_493,FullDeLi,0.2,1.2,2,18,0,7,1,12,-340.07937,-12.14569179,326.3928455,0,0,0,7
242,SCAN+rVV10,Li12NbV7(O9F)2,LMOF_mF0.1_xM3_0.35_1273.0K_493,Pristine,0.2,1.2,2,18,12,7,1,0,-403.83522,-10.0958805,350.0922781,0,12,0,7
243,SCAN+rVV10,Li8NbV7(O9F)2,LMOF_mF0.1_xM3_0.35_1273.0K_494,DeLi4Li,0.2,1.2,2,18,8,7,1,4,-384.8087,-10.68913056,343.1846389,1,7,0,7
244,SCAN+rVV10,NbV7(O9F)2,LMOF_mF0.1_xM3_0.35_1273.0K_494,FullDeLi,0.2,1.2,2,18,0,7,1,12,-339.51004,-12.12535857,336.3238245,0,0,0,7
245,SCAN+rVV10,Li12NbV7(O9F)2,LMOF_mF0.1_xM3_0.35_1273.0K_494,Pristine,0.2,1.2,2,18,12,7,1,0,-404.20988,-10.105247,348.6449047,0,12,0,7
246,SCAN+rVV10,Li8NbV7(O9F)2,LMOF_mF0.1_xM3_0.35_1273.0K_495,DeLi4Li,0.2,1.2,2,18,8,7,1,4,-382.95289,-10.63758028,332.301992,0,8,0,7
247,SCAN+rVV10,NbV7(O9F)2,LMOF_mF0.1_xM3_0.35_1273.0K_495,FullDeLi,0.2,1.2,2,18,0,7,1,12,-340.88868,-12.17459571,331.0788378,0,0,3,4
248,SCAN+rVV10,Li12NbV7(O9F)2,LMOF_mF0.1_xM3_0.35_1273.0K_495,Pristine,0.2,1.2,2,18,12,7,1,0,-403.94297,-10.09857425,345.8419963,0,12,0,7
249,SCAN+rVV10,Li8NbV7(O9F)2,LMOF_mF0.1_xM3_0.35_1273.0K_496,DeLi4Li,0.2,1.2,2,18,8,7,1,4,-383.98775,-10.66632639,346.0546138,1,7,0,7
250,SCAN+rVV10,NbV7(O9F)2,LMOF_mF0.1_xM3_0.35_1273.0K_496,FullDeLi,0.2,1.2,2,18,0,7,1,12,-340.1012,-12.14647143,324.6853843,0,0,1,6
251,SCAN+rVV10,Li12NbV7(O9F)2,LMOF_mF0.1_xM3_0.35_1273.0K_496,Pristine,0.2,1.2,2,18,12,7,1,0,-404.36351,-10.10908775,347.9679579,0,12,0,7
252,SCAN+rVV10,Li8NbV7(O9F)2,LMOF_mF0.1_xM3_0.35_1273.0K_497,DeLi4Li,0.2,1.2,2,18,8,7,1,4,-383.81035,-10.66139861,354.9252741,1,7,0,7
253,SCAN+rVV10,NbV7(O9F)2,LMOF_mF0.1_xM3_0.35_1273.0K_497,FullDeLi,0.2,1.2,2,18,0,7,1,12,-339.71209,-12.13257464,333.5942109,0,0,1,6
254,SCAN+rVV10,Li12NbV7(O9F)2,LMOF_mF0.1_xM3_0.35_1273.0K_497,Pristine,0.2,1.2,2,18,12,7,1,0,-403.63011,-10.09075275,354.1544858,0,12,0,7
255,SCAN+rVV10,Li8NbV7(O9F)2,LMOF_mF0.1_xM3_0.35_1273.0K_498,DeLi4Li,0.2,1.2,2,18,8,7,1,4,-384.17057,-10.67140472,335.7787559,0,8,0,7
256,SCAN+rVV10,NbV7(O9F)2,LMOF_mF0.1_xM3_0.35_1273.0K_498,FullDeLi,0.2,1.2,2,18,0,7,1,12,-339.92086,-12.14003071,312.6743419,0,0,0,7
257,SCAN+rVV10,Li12NbV7(O9F)2,LMOF_mF0.1_xM3_0.35_1273.0K_498,Pristine,0.2,1.2,2,18,12,7,1,0,-404.20106,-10.1050265,346.5801677,0,12,0,7
258,SCAN+rVV10,Li8NbV7(O9F)2,LMOF_mF0.1_xM3_0.35_1273.0K_499,DeLi4Li,0.2,1.2,2,18,8,7,1,4,-383.29591,-10.64710861,330.4162147,0,8,0,7
259,SCAN+rVV10,NbV7(O9F)2,LMOF_mF0.1_xM3_0.35_1273.0K_499,FullDeLi,0.2,1.2,2,18,0,7,1,12,-338.92918,-12.10461357,311.912756,0,0,0,7
260,SCAN+rVV10,Li12NbV7(O9F)2,LMOF_mF0.1_xM3_0.35_1273.0K_499,Pristine,0.2,1.2,2,18,12,7,1,0,-403.48619,-10.08715475,346.4882526,0,12,0,7
261,SCAN+rVV10,Li8NbV7(O9F)2,LMOF_mF0.1_xM3_0.35_1273.0K_500,DeLi4Li,0.2,1.2,2,18,8,7,1,4,-384.81514,-10.68930944,340.0685646,0,8,0,7
262,SCAN+rVV10,NbV7(O9F)2,LMOF_mF0.1_xM3_0.35_1273.0K_500,FullDeLi,0.2,1.2,2,18,0,7,1,12,-339.4356,-12.1227,330.9587195,0,0,0,7
263,SCAN+rVV10,Li12NbV7(O9F)2,LMOF_mF0.1_xM3_0.35_1273.0K_500,Pristine,0.2,1.2,2,18,12,7,1,0,-404.46207,-10.11155175,347.7850533,0,12,0,7
264,SCAN+rVV10,Li8NbV7(O9F)2,LMOF_mF0.1_xM3_0.35_1273.0K_501,DeLi4Li,0.2,1.2,2,18,8,7,1,4,-385.11938,-10.69776056,340.5807866,2,6,0,7
265,SCAN+rVV10,NbV7(O9F)2,LMOF_mF0.1_xM3_0.35_1273.0K_501,FullDeLi,0.2,1.2,2,18,0,7,1,12,-339.73982,-12.133565,322.2632825,0,0,0,7
266,SCAN+rVV10,Li12NbV7(O9F)2,LMOF_mF0.1_xM3_0.35_1273.0K_501,Pristine,0.2,1.2,2,18,12,7,1,0,-404.21581,-10.10539525,348.7879286,0,12,0,7
267,SCAN+rVV10,Li7V9(O9F)2,LMOF_mF0.1_xM3_0.45_1273.0K_491,DeLi4Li,0.2,1.1,2,18,7,9,0,4,-383.48174,-10.65227056,349.6457882,2,5,0,9
268,SCAN+rVV10,V9(O9F)2,LMOF_mF0.1_xM3_0.45_1273.0K_491,FullDeLi,0.2,1.1,2,18,0,9,0,11,-343.99322,-11.86183517,335.0658487,0,0,0,9
269,SCAN+rVV10,Li11V9(O9F)2,LMOF_mF0.1_xM3_0.45_1273.0K_491,Pristine,0.2,1.1,2,18,11,9,0,0,-403.25299,-10.08132475,352.2992372,0,11,0,9
270,SCAN+rVV10,Li7V9(O9F)2,LMOF_mF0.1_xM3_0.45_1273.0K_492,DeLi4Li,0.2,1.1,2,18,7,9,0,4,-384.25382,-10.67371722,347.4214798,2,5,0,9
271,SCAN+rVV10,V9(O9F)2,LMOF_mF0.1_xM3_0.45_1273.0K_492,FullDeLi,0.2,1.1,2,18,0,9,0,11,-344.44444,-11.87739448,333.6379976,0,0,0,9
272,SCAN+rVV10,Li11V9(O9F)2,LMOF_mF0.1_xM3_0.45_1273.0K_492,Pristine,0.2,1.1,2,18,11,9,0,0,-403.1045,-10.0776125,349.9179771,0,11,0,9
273,SCAN+rVV10,Li7V9(O9F)2,LMOF_mF0.1_xM3_0.45_1273.0K_493,DeLi4Li,0.2,1.1,2,18,7,9,0,4,-383.33089,-10.64808028,339.2829537,0,7,0,9
274,SCAN+rVV10,V9(O9F)2,LMOF_mF0.1_xM3_0.45_1273.0K_493,FullDeLi,0.2,1.1,2,18,0,9,0,11,-346.05354,-11.93288069,311.4633438,0,0,0,9
275,SCAN+rVV10,Li11V9(O9F)2,LMOF_mF0.1_xM3_0.45_1273.0K_493,Pristine,0.2,1.1,2,18,11,9,0,0,-403.22174,-10.0805435,346.5224088,0,11,0,9
276,SCAN+rVV10,Li7V9(O9F)2,LMOF_mF0.1_xM3_0.45_1273.0K_494,DeLi4Li,0.2,1.1,2,18,7,9,0,4,-382.88169,-10.6356025,337.5249179,0,7,0,9
277,SCAN+rVV10,V9(O9F)2,LMOF_mF0.1_xM3_0.45_1273.0K_494,FullDeLi,0.2,1.1,2,18,0,9,0,11,-345.74452,-11.92222483,308.0488801,0,0,0,9
278,SCAN+rVV10,Li11V9(O9F)2,LMOF_mF0.1_xM3_0.45_1273.0K_494,Pristine,0.2,1.1,2,18,11,9,0,0,-402.74576,-10.068644,345.7948885,0,11,0,9
279,SCAN+rVV10,Li7V9(O9F)2,LMOF_mF0.1_xM3_0.45_1273.0K_495,DeLi4Li,0.2,1.1,2,18,7,9,0,4,-384.40913,-10.67803139,350.8834103,4,3,0,9
280,SCAN+rVV10,V9(O9F)2,LMOF_mF0.1_xM3_0.45_1273.0K_495,FullDeLi,0.2,1.1,2,18,0,9,0,11,-344.19937,-11.86894379,335.6172982,0,0,0,9
281,SCAN+rVV10,Li11V9(O9F)2,LMOF_mF0.1_xM3_0.45_1273.0K_495,Pristine,0.2,1.1,2,18,11,9,0,0,-402.61533,-10.06538325,353.1308618,0,11,0,9
282,SCAN+rVV10,Li7V9(O9F)2,LMOF_mF0.1_xM3_0.45_1273.0K_496,DeLi4Li,0.2,1.1,2,18,7,9,0,4,-382.63166,-10.62865722,353.7072226,2,5,0,9
283,SCAN+rVV10,V9(O9F)2,LMOF_mF0.1_xM3_0.45_1273.0K_496,FullDeLi,0.2,1.1,2,18,0,9,0,11,-344.07404,-11.86462207,330.7355688,0,0,0,9
284,SCAN+rVV10,Li11V9(O9F)2,LMOF_mF0.1_xM3_0.45_1273.0K_496,Pristine,0.2,1.1,2,18,11,9,0,0,-402.67483,-10.06687075,352.0537788,0,11,0,9
285,SCAN+rVV10,Li7V9(O9F)2,LMOF_mF0.1_xM3_0.45_1273.0K_497,DeLi4Li,0.2,1.1,2,18,7,9,0,4,-383.07878,-10.64107722,338.9093907,0,7,0,9
286,SCAN+rVV10,V9(O9F)2,LMOF_mF0.1_xM3_0.45_1273.0K_497,FullDeLi,0.2,1.1,2,18,0,9,0,11,-345.10447,-11.90015414,318.3659076,0,0,0,9
287,SCAN+rVV10,Li11V9(O9F)2,LMOF_mF0.1_xM3_0.45_1273.0K_497,Pristine,0.2,1.1,2,18,11,9,0,0,-402.56637,-10.06415925,347.8813851,0,11,0,9
288,SCAN+rVV10,Li7V9(O9F)2,LMOF_mF0.1_xM3_0.45_1273.0K_498,DeLi4Li,0.2,1.1,2,18,7,9,0,4,-382.67322,-10.62981167,338.7772285,0,7,0,9
289,SCAN+rVV10,V9(O9F)2,LMOF_mF0.1_xM3_0.45_1273.0K_498,FullDeLi,0.2,1.1,2,18,0,9,0,11,-346.36649,-11.94367207,308.5678267,0,0,0,9
290,SCAN+rVV10,Li11V9(O9F)2,LMOF_mF0.1_xM3_0.45_1273.0K_498,Pristine,0.2,1.1,2,18,11,9,0,0,-402.26959,-10.05673975,349.7651355,0,11,0,9
291,SCAN+rVV10,Li7V9(O9F)2,LMOF_mF0.1_xM3_0.45_1273.0K_499,DeLi4Li,0.2,1.1,2,18,7,9,0,4,-383.97803,-10.66605639,346.0027067,2,5,0,9
292,SCAN+rVV10,V9(O9F)2,LMOF_mF0.1_xM3_0.45_1273.0K_499,FullDeLi,0.2,1.1,2,18,0,9,0,11,-344.14334,-11.86701172,327.1520578,0,0,0,9
293,SCAN+rVV10,Li11V9(O9F)2,LMOF_mF0.1_xM3_0.45_1273.0K_499,Pristine,0.2,1.1,2,18,11,9,0,0,-402.83613,-10.07090325,351.2125485,0,11,0,9
294,SCAN+rVV10,Li7V9(O9F)2,LMOF_mF0.1_xM3_0.45_1273.0K_500,DeLi4Li,0.2,1.1,2,18,7,9,0,4,-383.22218,-10.64506056,337.3524069,0,7,0,9
295,SCAN+rVV10,V9(O9F)2,LMOF_mF0.1_xM3_0.45_1273.0K_500,FullDeLi,0.2,1.1,2,18,0,9,0,11,-345.40264,-11.91043586,336.2364188,0,0,0,9
296,SCAN+rVV10,Li11V9(O9F)2,LMOF_mF0.1_xM3_0.45_1273.0K_500,Pristine,0.2,1.1,2,18,11,9,0,0,-402.88971,-10.07224275,348.3861204,0,11,0,9
297,SCAN+rVV10,Li5NbV2(O4F)2,LMOF_mF0.2_xM3_0.2_1273.0K_467,DeLi4Li,0.4,1.4,4,16,10,4,2,4,-365.09094,-10.141415,328.7643401,0,10,0,4
298,SCAN+rVV10,NbV2(O4F)2,LMOF_mF0.2_xM3_0.2_1273.0K_467,FullDeLi,0.4,1.4,4,16,0,4,2,14,-299.40228,-11.51547231,322.4419005,0,0,1,3
299,SCAN+rVV10,Li3NbV2(O4F)2,LMOF_mF0.2_xM3_0.2_1273.0K_467,FullDeLiECap,0.4,1.4,4,16,6,4,2,8,-342.29146,-10.69660813,328.6734347,1,5,0,4
300,SCAN+rVV10,Li7NbV2(O4F)2,LMOF_mF0.2_xM3_0.2_1273.0K_467,Pristine,0.4,1.4,4,16,14,4,2,0,-386.24956,-9.656239,341.4820274,0,14,0,4
301,SCAN+rVV10,Li5NbV2(O4F)2,LMOF_mF0.2_xM3_0.2_1273.0K_468,DeLi4Li,0.4,1.4,4,16,10,4,2,4,-365.58301,-10.15508361,327.5753874,0,10,0,4
302,SCAN+rVV10,NbV2(O4F)2,LMOF_mF0.2_xM3_0.2_1273.0K_468,FullDeLi,0.4,1.4,4,16,0,4,2,14,-298.82895,-11.49342115,322.2363733,0,0,0,4
303,SCAN+rVV10,Li3NbV2(O4F)2,LMOF_mF0.2_xM3_0.2_1273.0K_468,FullDeLiECap,0.4,1.4,4,16,6,4,2,8,-343.96665,-10.74895781,356.1882612,4,2,1,3
304,SCAN+rVV10,Li7NbV2(O4F)2,LMOF_mF0.2_xM3_0.2_1273.0K_468,Pristine,0.4,1.4,4,16,14,4,2,0,-386.47068,-9.661767,344.8784759,0,14,0,4
305,SCAN+rVV10,Li5NbV2(O4F)2,LMOF_mF0.2_xM3_0.2_1273.0K_469,DeLi4Li,0.4,1.4,4,16,10,4,2,4,-365.88327,-10.16342417,328.8533403,1,9,0,4
306,SCAN+rVV10,NbV2(O4F)2,LMOF_mF0.2_xM3_0.2_1273.0K_469,FullDeLi,0.4,1.4,4,16,0,4,2,14,-298.08888,-11.46495692,310.90552,0,0,0,4
307,SCAN+rVV10,Li3NbV2(O4F)2,LMOF_mF0.2_xM3_0.2_1273.0K_469,FullDeLiECap,0.4,1.4,4,16,6,4,2,8,-344.65422,-10.77044438,353.5266509,4,2,0,4
308,SCAN+rVV10,Li7NbV2(O4F)2,LMOF_mF0.2_xM3_0.2_1273.0K_469,Pristine,0.4,1.4,4,16,14,4,2,0,-386.91333,-9.67283325,340.1438246,0,14,0,4
309,SCAN+rVV10,Li5NbV2(O4F)2,LMOF_mF0.2_xM3_0.2_1273.0K_470,DeLi4Li,0.4,1.4,4,16,10,4,2,4,-365.61676,-10.15602111,333.8739739,1,9,0,4
310,SCAN+rVV10,NbV2(O4F)2,LMOF_mF0.2_xM3_0.2_1273.0K_470,FullDeLi,0.4,1.4,4,16,0,4,2,14,-297.69089,-11.44964962,332.4261064,0,0,0,4
311,SCAN+rVV10,Li3NbV2(O4F)2,LMOF_mF0.2_xM3_0.2_1273.0K_470,FullDeLiECap,0.4,1.4,4,16,6,4,2,8,-344.70503,-10.77203219,341.0123486,5,1,0,4
312,SCAN+rVV10,Li7NbV2(O4F)2,LMOF_mF0.2_xM3_0.2_1273.0K_470,Pristine,0.4,1.4,4,16,14,4,2,0,-386.64328,-9.666082,342.5775039,0,14,0,4
313,SCAN+rVV10,Li5NbV2(O4F)2,LMOF_mF0.2_xM3_0.2_1273.0K_471,DeLi4Li,0.4,1.4,4,16,10,4,2,4,-365.37298,-10.14924944,337.7293599,0,10,0,4
314,SCAN+rVV10,NbV2(O4F)2,LMOF_mF0.2_xM3_0.2_1273.0K_471,FullDeLi,0.4,1.4,4,16,0,4,2,14,-302.96788,-11.65261077,368.250586,0,0,0,4
315,SCAN+rVV10,Li3NbV2(O4F)2,LMOF_mF0.2_xM3_0.2_1273.0K_471,FullDeLiECap,0.4,1.4,4,16,6,4,2,8,-344.23608,-10.7573775,336.9596858,1,5,0,4
316,SCAN+rVV10,Li7NbV2(O4F)2,LMOF_mF0.2_xM3_0.2_1273.0K_471,Pristine,0.4,1.4,4,16,14,4,2,0,-386.70408,-9.667602,344.1511614,0,14,0,4
317,SCAN+rVV10,Li5NbV2(O4F)2,LMOF_mF0.2_xM3_0.2_1273.0K_472,DeLi4Li,0.4,1.4,4,16,10,4,2,4,-365.26217,-10.14617139,332.7972003,0,10,0,4
318,SCAN+rVV10,NbV2(O4F)2,LMOF_mF0.2_xM3_0.2_1273.0K_472,FullDeLi,0.4,1.4,4,16,0,4,2,14,-299.53306,-11.52050231,360.7434862,0,0,0,4
319,SCAN+rVV10,Li3NbV2(O4F)2,LMOF_mF0.2_xM3_0.2_1273.0K_472,FullDeLiECap,0.4,1.4,4,16,6,4,2,8,-344.3874,-10.76210625,350.6654844,4,2,1,3
320,SCAN+rVV10,Li7NbV2(O4F)2,LMOF_mF0.2_xM3_0.2_1273.0K_472,Pristine,0.4,1.4,4,16,14,4,2,0,-386.67052,-9.666763,342.5362654,0,14,0,4
321,SCAN+rVV10,Li5NbV2(O4F)2,LMOF_mF0.2_xM3_0.2_1273.0K_473,DeLi4Li,0.4,1.4,4,16,10,4,2,4,-365.57852,-10.15495889,326.7722263,0,10,0,4
322,SCAN+rVV10,NbV2(O4F)2,LMOF_mF0.2_xM3_0.2_1273.0K_473,FullDeLi,0.4,1.4,4,16,0,4,2,14,-299.58544,-11.52251692,318.0669671,0,0,0,4
323,SCAN+rVV10,Li3NbV2(O4F)2,LMOF_mF0.2_xM3_0.2_1273.0K_473,FullDeLiECap,0.4,1.4,4,16,6,4,2,8,-345.52956,-10.79779875,388.6905817,3,3,0,4
324,SCAN+rVV10,Li7NbV2(O4F)2,LMOF_mF0.2_xM3_0.2_1273.0K_473,Pristine,0.4,1.4,4,16,14,4,2,0,-386.91613,-9.67290325,340.4847318,0,14,0,4
325,SCAN+rVV10,Li5NbV2(O4F)2,LMOF_mF0.2_xM3_0.2_1273.0K_474,DeLi4Li,0.4,1.4,4,16,10,4,2,4,-365.31845,-10.14773472,338.7572863,1,9,0,4
326,SCAN+rVV10,NbV2(O4F)2,LMOF_mF0.2_xM3_0.2_1273.0K_474,FullDeLi,0.4,1.4,4,16,0,4,2,14,-297.93597,-11.45907577,314.9101469,0,0,0,4
327,SCAN+rVV10,Li3NbV2(O4F)2,LMOF_mF0.2_xM3_0.2_1273.0K_474,FullDeLiECap,0.4,1.4,4,16,6,4,2,8,-343.4441,-10.73262813,369.9340933,2,4,2,2
328,SCAN+rVV10,Li7NbV2(O4F)2,LMOF_mF0.2_xM3_0.2_1273.0K_474,Pristine,0.4,1.4,4,16,14,4,2,0,-386.66909,-9.66672725,343.068717,0,14,0,4
329,SCAN+rVV10,Li5NbV2(O4F)2,LMOF_mF0.2_xM3_0.2_1273.0K_475,DeLi4Li,0.4,1.4,4,16,10,4,2,4,-365.97254,-10.16590389,340.3632664,0,10,0,4
330,SCAN+rVV10,NbV2(O4F)2,LMOF_mF0.2_xM3_0.2_1273.0K_475,FullDeLi,0.4,1.4,4,16,0,4,2,14,-302.7607,-11.64464231,354.5809908,0,0,1,3
331,SCAN+rVV10,Li3NbV2(O4F)2,LMOF_mF0.2_xM3_0.2_1273.0K_475,FullDeLiECap,0.4,1.4,4,16,6,4,2,8,-343.45539,-10.73298094,415.5748597,5,1,1,3
332,SCAN+rVV10,Li7NbV2(O4F)2,LMOF_mF0.2_xM3_0.2_1273.0K_475,Pristine,0.4,1.4,4,16,14,4,2,0,-386.65987,-9.66649675,345.8953979,0,14,0,4
333,SCAN+rVV10,Li5NbV2(O4F)2,LMOF_mF0.2_xM3_0.2_1273.0K_476,DeLi4Li,0.4,1.4,4,16,10,4,2,4,-365.43899,-10.15108306,329.2548998,0,10,0,4
334,SCAN+rVV10,NbV2(O4F)2,LMOF_mF0.2_xM3_0.2_1273.0K_476,FullDeLi,0.4,1.4,4,16,0,4,2,14,-303.83626,-11.68601,343.1706278,0,0,2,2
335,SCAN+rVV10,Li3NbV2(O4F)2,LMOF_mF0.2_xM3_0.2_1273.0K_476,FullDeLiECap,0.4,1.4,4,16,6,4,2,8,-344.5558,-10.76736875,325.5552236,1,5,0,4
336,SCAN+rVV10,Li7NbV2(O4F)2,LMOF_mF0.2_xM3_0.2_1273.0K_476,Pristine,0.4,1.4,4,16,14,4,2,0,-386.90909,-9.67272725,340.798766,0,14,0,4
337,SCAN+rVV10,Li9NbV6(O4F)4,LMOF_mF0.2_xM3_0.3_1273.0K_252,DeLi4Li,0.4,1.3,4,16,9,6,1,4,-365.45672,-10.15157556,333.2983233,0,9,0,6
338,SCAN+rVV10,NbV6(O4F)4,LMOF_mF0.2_xM3_0.3_1273.0K_252,FullDeLi,0.4,1.3,4,16,0,6,1,13,-313.33065,-11.60483889,328.610431,0,0,2,4
339,SCAN+rVV10,LiNbV6(O4F)4,LMOF_mF0.2_xM3_0.3_1273.0K_252,FullDeLiECap,0.4,1.3,4,16,1,6,1,12,-320.86368,-11.45941714,322.9993395,1,0,1,5
340,SCAN+rVV10,Li13NbV6(O4F)4,LMOF_mF0.2_xM3_0.3_1273.0K_252,Pristine,0.4,1.3,4,16,13,6,1,0,-385.92195,-9.64804875,341.6570447,0,13,0,6
341,SCAN+rVV10,Li9NbV6(O4F)4,LMOF_mF0.2_xM3_0.3_1273.0K_253,DeLi4Li,0.4,1.3,4,16,9,6,1,4,-365.7312,-10.1592,348.6410855,3,6,0,6
342,SCAN+rVV10,NbV6(O4F)4,LMOF_mF0.2_xM3_0.3_1273.0K_253,FullDeLi,0.4,1.3,4,16,0,6,1,13,-310.45724,-11.4984163,328.1474737,0,0,0,6
343,SCAN+rVV10,LiNbV6(O4F)4,LMOF_mF0.2_xM3_0.3_1273.0K_253,FullDeLiECap,0.4,1.3,4,16,1,6,1,12,-319.36974,-11.40606214,339.0742931,0,1,2,4
344,SCAN+rVV10,Li13NbV6(O4F)4,LMOF_mF0.2_xM3_0.3_1273.0K_253,Pristine,0.4,1.3,4,16,13,6,1,0,-385.86299,-9.64657475,347.1398944,0,13,0,6
345,SCAN+rVV10,Li9NbV6(O4F)4,LMOF_mF0.2_xM3_0.3_1273.0K_254,DeLi4Li,0.4,1.3,4,16,9,6,1,4,-364.47044,-10.12417889,331.2685701,0,9,0,6
346,SCAN+rVV10,NbV6(O4F)4,LMOF_mF0.2_xM3_0.3_1273.0K_254,FullDeLi,0.4,1.3,4,16,0,6,1,13,-313.3272,-11.60471111,328.205567,0,0,2,4
347,SCAN+rVV10,LiNbV6(O4F)4,LMOF_mF0.2_xM3_0.3_1273.0K_254,FullDeLiECap,0.4,1.3,4,16,1,6,1,12,-320.12559,-11.43305679,338.9190066,1,0,1,5
348,SCAN+rVV10,Li13NbV6(O4F)4,LMOF_mF0.2_xM3_0.3_1273.0K_254,Pristine,0.4,1.3,4,16,13,6,1,0,-385.92084,-9.648021,341.5861291,0,13,0,6
349,SCAN+rVV10,Li9NbV6(O4F)4,LMOF_mF0.2_xM3_0.3_1273.0K_255,DeLi4Li,0.4,1.3,4,16,9,6,1,4,-365.68333,-10.15787028,341.7360572,0,9,0,6
350,SCAN+rVV10,NbV6(O4F)4,LMOF_mF0.2_xM3_0.3_1273.0K_255,FullDeLi,0.4,1.3,4,16,0,6,1,13,-310.84216,-11.51267259,331.1946813,0,0,1,5
351,SCAN+rVV10,LiNbV6(O4F)4,LMOF_mF0.2_xM3_0.3_1273.0K_255,FullDeLiECap,0.4,1.3,4,16,1,6,1,12,-316.93108,-11.31896714,332.4857944,1,0,1,5
352,SCAN+rVV10,Li13NbV6(O4F)4,LMOF_mF0.2_xM3_0.3_1273.0K_255,Pristine,0.4,1.3,4,16,13,6,1,0,-385.59409,-9.63985225,346.0761005,0,13,0,6
353,SCAN+rVV10,Li9NbV6(O4F)4,LMOF_mF0.2_xM3_0.3_1273.0K_256,DeLi4Li,0.4,1.3,4,16,9,6,1,4,-365.29318,-10.14703278,335.9617926,0,9,0,6
354,SCAN+rVV10,NbV6(O4F)4,LMOF_mF0.2_xM3_0.3_1273.0K_256,FullDeLi,0.4,1.3,4,16,0,6,1,13,-312.13536,-11.56056889,366.2934932,0,0,0,6
355,SCAN+rVV10,LiNbV6(O4F)4,LMOF_mF0.2_xM3_0.3_1273.0K_256,FullDeLiECap,0.4,1.3,4,16,1,6,1,12,-320.11022,-11.43250786,355.9717105,1,0,0,6
356,SCAN+rVV10,Li13NbV6(O4F)4,LMOF_mF0.2_xM3_0.3_1273.0K_256,Pristine,0.4,1.3,4,16,13,6,1,0,-386.1583,-9.6539575,343.0406982,0,13,0,6
357,SCAN+rVV10,Li9NbV6(O4F)4,LMOF_mF0.2_xM3_0.3_1273.0K_257,DeLi4Li,0.4,1.3,4,16,9,6,1,4,-364.52451,-10.12568083,331.5146857,0,9,0,6
358,SCAN+rVV10,NbV6(O4F)4,LMOF_mF0.2_xM3_0.3_1273.0K_257,FullDeLi,0.4,1.3,4,16,0,6,1,13,-312.19188,-11.56266222,367.7515259,0,0,1,5
359,SCAN+rVV10,LiNbV6(O4F)4,LMOF_mF0.2_xM3_0.3_1273.0K_257,FullDeLiECap,0.4,1.3,4,16,1,6,1,12,-319.51643,-11.41130107,342.9839067,1,0,2,4
360,SCAN+rVV10,Li13NbV6(O4F)4,LMOF_mF0.2_xM3_0.3_1273.0K_257,Pristine,0.4,1.3,4,16,13,6,1,0,-385.49951,-9.63748775,342.2150415,0,13,0,6
361,SCAN+rVV10,Li9NbV6(O4F)4,LMOF_mF0.2_xM3_0.3_1273.0K_258,DeLi4Li,0.4,1.3,4,16,9,6,1,4,-365.70201,-10.15838917,342.4032562,1,8,0,6
362,SCAN+rVV10,NbV6(O4F)4,LMOF_mF0.2_xM3_0.3_1273.0K_258,FullDeLi,0.4,1.3,4,16,0,6,1,13,-311.40621,-11.53356333,341.1387281,0,0,1,5
363,SCAN+rVV10,LiNbV6(O4F)4,LMOF_mF0.2_xM3_0.3_1273.0K_258,FullDeLiECap,0.4,1.3,4,16,1,6,1,12,-318.45248,-11.37330286,326.1748046,0,1,1,5
364,SCAN+rVV10,Li13NbV6(O4F)4,LMOF_mF0.2_xM3_0.3_1273.0K_258,Pristine,0.4,1.3,4,16,13,6,1,0,-385.57382,-9.6393455,348.0544261,0,13,0,6
365,SCAN+rVV10,Li9NbV6(O4F)4,LMOF_mF0.2_xM3_0.3_1273.0K_259,DeLi4Li,0.4,1.3,4,16,9,6,1,4,-366.04977,-10.16804917,336.4923685,1,8,0,6
366,SCAN+rVV10,NbV6(O4F)4,LMOF_mF0.2_xM3_0.3_1273.0K_259,FullDeLi,0.4,1.3,4,16,0,6,1,13,-310.53963,-11.50146778,335.4148707,0,0,1,5
367,SCAN+rVV10,LiNbV6(O4F)4,LMOF_mF0.2_xM3_0.3_1273.0K_259,FullDeLiECap,0.4,1.3,4,16,1,6,1,12,-318.76039,-11.38429964,334.2780293,0,1,1,5
368,SCAN+rVV10,Li13NbV6(O4F)4,LMOF_mF0.2_xM3_0.3_1273.0K_259,Pristine,0.4,1.3,4,16,13,6,1,0,-385.56798,-9.6391995,345.0726988,0,13,0,6
369,SCAN+rVV10,Li9NbV6(O4F)4,LMOF_mF0.2_xM3_0.3_1273.0K_260,DeLi4Li,0.4,1.3,4,16,9,6,1,4,-365.69284,-10.15813444,343.5821757,1,8,0,6
370,SCAN+rVV10,NbV6(O4F)4,LMOF_mF0.2_xM3_0.3_1273.0K_260,FullDeLi,0.4,1.3,4,16,0,6,1,13,-309.90567,-11.47798778,331.9866365,0,0,0,6
371,SCAN+rVV10,LiNbV6(O4F)4,LMOF_mF0.2_xM3_0.3_1273.0K_260,FullDeLiECap,0.4,1.3,4,16,1,6,1,12,-321.0474,-11.46597857,322.1837053,0,1,0,6
372,SCAN+rVV10,Li13NbV6(O4F)4,LMOF_mF0.2_xM3_0.3_1273.0K_260,Pristine,0.4,1.3,4,16,13,6,1,0,-385.63941,-9.64098525,346.2882276,0,13,0,6
373,SCAN+rVV10,Li9NbV6(O4F)4,LMOF_mF0.2_xM3_0.3_1273.0K_261,DeLi4Li,0.4,1.3,4,16,9,6,1,4,-363.65604,-10.10155667,328.5035016,0,9,0,6
374,SCAN+rVV10,NbV6(O4F)4,LMOF_mF0.2_xM3_0.3_1273.0K_261,FullDeLi,0.4,1.3,4,16,0,6,1,13,-313.4694,-11.60997778,354.0825606,0,0,1,5
375,SCAN+rVV10,LiNbV6(O4F)4,LMOF_mF0.2_xM3_0.3_1273.0K_261,FullDeLiECap,0.4,1.3,4,16,1,6,1,12,-320.59419,-11.4497925,322.4638732,0,1,0,6
376,SCAN+rVV10,Li13NbV6(O4F)4,LMOF_mF0.2_xM3_0.3_1273.0K_261,Pristine,0.4,1.3,4,16,13,6,1,0,-385.66239,-9.64155975,340.5932802,0,13,0,6
377,SCAN+rVV10,Li2V2O4F,LMOF_mF0.2_xM3_0.4_1273.0K_10,DeLi4Li,0.4,1.2,4,16,8,8,0,4,-364.81641,-10.13378917,347.799671,1,7,0,8
378,SCAN+rVV10,V2O4F,LMOF_mF0.2_xM3_0.4_1273.0K_10,FullDeLi,0.4,1.2,4,16,0,8,0,12,-319.38542,-11.40662214,328.1480098,0,0,1,7
379,SCAN+rVV10,Li3V2O4F,LMOF_mF0.2_xM3_0.4_1273.0K_10,Pristine,0.4,1.2,4,16,12,8,0,0,-384.59605,-9.61490125,348.1886497,0,12,0,8
380,SCAN+rVV10,Li2V2O4F,LMOF_mF0.2_xM3_0.4_1273.0K_11,DeLi4Li,0.4,1.2,4,16,8,8,0,4,-364.94715,-10.13742083,339.9414663,0,8,0,8
381,SCAN+rVV10,V2O4F,LMOF_mF0.2_xM3_0.4_1273.0K_11,FullDeLi,0.4,1.2,4,16,0,8,0,12,-319.06456,-11.39516286,321.2069905,0,0,0,8
382,SCAN+rVV10,Li3V2O4F,LMOF_mF0.2_xM3_0.4_1273.0K_11,Pristine,0.4,1.2,4,16,12,8,0,0,-384.02132,-9.600533,346.7308458,0,12,0,8
383,SCAN+rVV10,Li2V2O4F,LMOF_mF0.2_xM3_0.4_1273.0K_12,DeLi4Li,0.4,1.2,4,16,8,8,0,4,-365.72574,-10.15904833,339.3942207,2,6,0,8
384,SCAN+rVV10,V2O4F,LMOF_mF0.2_xM3_0.4_1273.0K_12,FullDeLi,0.4,1.2,4,16,0,8,0,12,-319.31593,-11.40414036,329.5410205,0,0,1,7
385,SCAN+rVV10,Li3V2O4F,LMOF_mF0.2_xM3_0.4_1273.0K_12,Pristine,0.4,1.2,4,16,12,8,0,0,-384.5371,-9.6134275,346.7763969,0,12,0,8
386,SCAN+rVV10,Li2V2O4F,LMOF_mF0.2_xM3_0.4_1273.0K_13,DeLi4Li,0.4,1.2,4,16,8,8,0,4,-364.49557,-10.12487694,342.0255568,0,8,0,8
387,SCAN+rVV10,V2O4F,LMOF_mF0.2_xM3_0.4_1273.0K_13,FullDeLi,0.4,1.2,4,16,0,8,0,12,-315.63124,-11.27254429,323.2039959,0,0,0,8
388,SCAN+rVV10,Li3V2O4F,LMOF_mF0.2_xM3_0.4_1273.0K_13,Pristine,0.4,1.2,4,16,12,8,0,0,-384.35787,-9.60894675,346.8408249,0,12,0,8
389,SCAN+rVV10,Li2V2O4F,LMOF_mF0.2_xM3_0.4_1273.0K_14,DeLi4Li,0.4,1.2,4,16,8,8,0,4,-365.16272,-10.14340889,342.6554709,1,7,0,8
390,SCAN+rVV10,V2O4F,LMOF_mF0.2_xM3_0.4_1273.0K_14,FullDeLi,0.4,1.2,4,16,0,8,0,12,-319.43528,-11.40840286,345.0914705,0,0,1,7
391,SCAN+rVV10,Li3V2O4F,LMOF_mF0.2_xM3_0.4_1273.0K_14,Pristine,0.4,1.2,4,16,12,8,0,0,-384.3516,-9.60879,346.6092209,0,12,0,8
392,SCAN+rVV10,Li2V2O4F,LMOF_mF0.2_xM3_0.4_1273.0K_15,DeLi4Li,0.4,1.2,4,16,8,8,0,4,-365.5036,-10.15287778,349.1481787,4,4,0,8
393,SCAN+rVV10,V2O4F,LMOF_mF0.2_xM3_0.4_1273.0K_15,FullDeLi,0.4,1.2,4,16,0,8,0,12,-319.48566,-11.41020214,328.2051314,0,0,1,7
394,SCAN+rVV10,Li3V2O4F,LMOF_mF0.2_xM3_0.4_1273.0K_15,Pristine,0.4,1.2,4,16,12,8,0,0,-384.48991,-9.61224775,348.0569903,0,12,0,8
395,SCAN+rVV10,Li2V2O4F,LMOF_mF0.2_xM3_0.4_1273.0K_16,DeLi4Li,0.4,1.2,4,16,8,8,0,4,-363.72861,-10.1035725,347.1713809,4,4,0,8
396,SCAN+rVV10,V2O4F,LMOF_mF0.2_xM3_0.4_1273.0K_16,FullDeLi,0.4,1.2,4,16,0,8,0,12,-318.05014,-11.35893357,333.0873963,0,0,0,8
397,SCAN+rVV10,Li3V2O4F,LMOF_mF0.2_xM3_0.4_1273.0K_16,Pristine,0.4,1.2,4,16,12,8,0,0,-385.63765,-9.64094125,347.2967608,0,12,0,8
398,SCAN+rVV10,Li2V2O4F,LMOF_mF0.2_xM3_0.4_1273.0K_17,DeLi4Li,0.4,1.2,4,16,8,8,0,4,-364.48521,-10.12458917,359.3902208,1,7,0,8
399,SCAN+rVV10,V2O4F,LMOF_mF0.2_xM3_0.4_1273.0K_17,FullDeLi,0.4,1.2,4,16,0,8,0,12,-318.82852,-11.38673286,345.4395149,0,0,0,8
400,SCAN+rVV10,Li3V2O4F,LMOF_mF0.2_xM3_0.4_1273.0K_17,Pristine,0.4,1.2,4,16,12,8,0,0,-384.95889,-9.62397225,346.9878045,0,12,0,8
401,SCAN+rVV10,Li2V2O4F,LMOF_mF0.2_xM3_0.4_1273.0K_8,DeLi4Li,0.4,1.2,4,16,8,8,0,4,-364.78199,-10.13283306,356.600109,4,4,0,8
402,SCAN+rVV10,V2O4F,LMOF_mF0.2_xM3_0.4_1273.0K_8,FullDeLi,0.4,1.2,4,16,0,8,0,12,-319.25547,-11.40198107,376.5868778,0,0,1,7
403,SCAN+rVV10,Li3V2O4F,LMOF_mF0.2_xM3_0.4_1273.0K_8,Pristine,0.4,1.2,4,16,12,8,0,0,-384.67537,-9.61688425,346.3295236,0,12,0,8
404,SCAN+rVV10,Li2V2O4F,LMOF_mF0.2_xM3_0.4_1273.0K_9,DeLi4Li,0.4,1.2,4,16,8,8,0,4,-364.19261,-10.11646139,362.6542136,1,7,0,8
405,SCAN+rVV10,V2O4F,LMOF_mF0.2_xM3_0.4_1273.0K_9,FullDeLi,0.4,1.2,4,16,0,8,0,12,-319.83814,-11.42279071,367.3605402,0,0,3,5
406,SCAN+rVV10,Li3V2O4F,LMOF_mF0.2_xM3_0.4_1273.0K_9,Pristine,0.4,1.2,4,16,12,8,0,0,-385.00113,-9.62502825,346.6086745,0,12,0,8
407,SCAN+rVV10,Nb5V7(O17F3)2,LMOF_mF0.15_xM3_0.175_1873.0K_491,FullDeLi,0.3,1.4,6,34,0,7,5,28,-1496.3039,-28.775075,641.9662579,0,0,1,6
408,SCAN+rVV10,Li14Nb5V7(O17F3)2,LMOF_mF0.15_xM3_0.175_1873.0K_491,FullDeLiECap,0.3,1.4,6,34,14,7,5,14,-1595.7691,-24.1783197,764.0726442,4,10,3,4
409,SCAN+rVV10,Li28Nb5V7(O17F3)2,LMOF_mF0.15_xM3_0.175_1873.0K_491,Pristine,0.3,1.4,6,34,28,7,5,0,-1665.8677,-20.82334625,707.9349261,0,28,0,7
410,SCAN+rVV10,Nb5V7(O17F3)2,LMOF_mF0.15_xM3_0.175_1873.0K_492,FullDeLi,0.3,1.4,6,34,0,7,5,28,-1505.1357,-28.94491731,779.5672786,0,0,1,6
411,SCAN+rVV10,Li14Nb5V7(O17F3)2,LMOF_mF0.15_xM3_0.175_1873.0K_492,FullDeLiECap,0.3,1.4,6,34,14,7,5,14,-1594.1175,-24.15329545,729.3865377,1,13,1,6
412,SCAN+rVV10,Li28Nb5V7(O17F3)2,LMOF_mF0.15_xM3_0.175_1873.0K_492,Pristine,0.3,1.4,6,34,28,7,5,0,-1666.1033,-20.82629125,714.6123933,0,28,0,7
413,SCAN+rVV10,Nb5V7(O17F3)2,LMOF_mF0.15_xM3_0.175_1873.0K_493,FullDeLi,0.3,1.4,6,34,0,7,5,28,-1501.9406,-28.88347308,699.721828,0,0,1,6
414,SCAN+rVV10,Li14Nb5V7(O17F3)2,LMOF_mF0.15_xM3_0.175_1873.0K_493,FullDeLiECap,0.3,1.4,6,34,14,7,5,14,-1595.7145,-24.17749242,729.5662742,2,12,0,7
415,SCAN+rVV10,Li28Nb5V7(O17F3)2,LMOF_mF0.15_xM3_0.175_1873.0K_493,Pristine,0.3,1.4,6,34,28,7,5,0,-1665.5997,-20.81999625,715.7028664,0,28,0,7
416,SCAN+rVV10,Nb5V7(O17F3)2,LMOF_mF0.15_xM3_0.175_1873.0K_494,FullDeLi,0.3,1.4,6,34,0,7,5,28,-1498.0557,-28.80876346,690.1481096,0,0,0,7
417,SCAN+rVV10,Li14Nb5V7(O17F3)2,LMOF_mF0.15_xM3_0.175_1873.0K_494,FullDeLiECap,0.3,1.4,6,34,14,7,5,14,-1590.3779,-24.09663485,733.1224313,1,13,0,7
418,SCAN+rVV10,Li28Nb5V7(O17F3)2,LMOF_mF0.15_xM3_0.175_1873.0K_494,Pristine,0.3,1.4,6,34,28,7,5,0,-1664.897,-20.8112125,716.4530537,0,28,0,7
419,SCAN+rVV10,Nb5V7(O17F3)2,LMOF_mF0.15_xM3_0.175_1873.0K_495,FullDeLi,0.3,1.4,6,34,0,7,5,28,-1501.945,-28.88355769,689.6397273,0,0,1,6
420,SCAN+rVV10,Li14Nb5V7(O17F3)2,LMOF_mF0.15_xM3_0.175_1873.0K_495,FullDeLiECap,0.3,1.4,6,34,14,7,5,14,-1596.9922,-24.19685152,697.1806854,4,10,1,6
421,SCAN+rVV10,Li28Nb5V7(O17F3)2,LMOF_mF0.15_xM3_0.175_1873.0K_495,Pristine,0.3,1.4,6,34,28,7,5,0,-1665.3907,-20.81738375,706.8266484,0,28,0,7
422,SCAN+rVV10,Nb5V7(O17F3)2,LMOF_mF0.15_xM3_0.175_1873.0K_496,FullDeLi,0.3,1.4,6,34,0,7,5,28,-1494.0794,-28.73229615,659.0977938,0,0,0,7
423,SCAN+rVV10,Li14Nb5V7(O17F3)2,LMOF_mF0.15_xM3_0.175_1873.0K_496,FullDeLiECap,0.3,1.4,6,34,14,7,5,14,-1595.7646,-24.17825152,698.1170511,0,14,0,7
424,SCAN+rVV10,Li28Nb5V7(O17F3)2,LMOF_mF0.15_xM3_0.175_1873.0K_496,Pristine,0.3,1.4,6,34,28,7,5,0,-1665.8665,-20.82333125,707.9273888,0,28,0,7
425,SCAN+rVV10,Nb5V7(O17F3)2,LMOF_mF0.15_xM3_0.175_1873.0K_497,FullDeLi,0.3,1.4,6,34,0,7,5,28,-1494.809,-28.74632692,668.8863264,0,0,3,4
426,SCAN+rVV10,Li14Nb5V7(O17F3)2,LMOF_mF0.15_xM3_0.175_1873.0K_497,FullDeLiECap,0.3,1.4,6,34,14,7,5,14,-1595.2495,-24.17044697,708.6710324,2,12,0,7
427,SCAN+rVV10,Li28Nb5V7(O17F3)2,LMOF_mF0.15_xM3_0.175_1873.0K_497,Pristine,0.3,1.4,6,34,28,7,5,0,-1665.1214,-20.8140175,705.6351485,0,28,0,7
428,SCAN+rVV10,Nb5V7(O17F3)2,LMOF_mF0.15_xM3_0.175_1873.0K_498,FullDeLi,0.3,1.4,6,34,0,7,5,28,-1505.0051,-28.94240577,718.4121566,0,0,0,7
429,SCAN+rVV10,Li14Nb5V7(O17F3)2,LMOF_mF0.15_xM3_0.175_1873.0K_498,FullDeLiECap,0.3,1.4,6,34,14,7,5,14,-1593.9976,-24.15147879,738.1575004,7,7,1,6
430,SCAN+rVV10,Li28Nb5V7(O17F3)2,LMOF_mF0.15_xM3_0.175_1873.0K_498,Pristine,0.3,1.4,6,34,28,7,5,0,-1664.2983,-20.80372875,709.0342903,0,28,0,7
431,SCAN+rVV10,Nb5V7(O17F3)2,LMOF_mF0.15_xM3_0.175_1873.0K_499,FullDeLi,0.3,1.4,6,34,0,7,5,28,-1501.0874,-28.86706538,679.5509722,0,0,0,7
432,SCAN+rVV10,Li14Nb5V7(O17F3)2,LMOF_mF0.15_xM3_0.175_1873.0K_499,FullDeLiECap,0.3,1.4,6,34,14,7,5,14,-1591.7686,-24.11770606,730.361704,1,13,0,7
433,SCAN+rVV10,Li28Nb5V7(O17F3)2,LMOF_mF0.15_xM3_0.175_1873.0K_499,Pristine,0.3,1.4,6,34,28,7,5,0,-1665.9315,-20.82414375,714.4999161,0,28,0,7
434,SCAN+rVV10,Nb5V7(O17F3)2,LMOF_mF0.15_xM3_0.175_1873.0K_500,FullDeLi,0.3,1.4,6,34,0,7,5,28,-1493.3757,-28.71876346,653.4398485,0,0,1,6
435,SCAN+rVV10,Li14Nb5V7(O17F3)2,LMOF_mF0.15_xM3_0.175_1873.0K_500,FullDeLiECap,0.3,1.4,6,34,14,7,5,14,-1595.9504,-24.18106667,708.3168919,3,11,1,6
436,SCAN+rVV10,Li28Nb5V7(O17F3)2,LMOF_mF0.15_xM3_0.175_1873.0K_500,Pristine,0.3,1.4,6,34,28,7,5,0,-1666.4915,-20.83114375,704.07722,0,28,0,7
437,SCAN+rVV10,Nb3V11(O17F3)2,LMOF_mF0.15_xM3_0.275_1873.0K_491,FullDeLi,0.3,1.3,6,34,0,11,3,26,-1976.8125,-36.60763889,749.9700347,0,0,5,6
438,SCAN+rVV10,Li4Nb3V11(O17F3)2,LMOF_mF0.15_xM3_0.275_1873.0K_491,FullDeLiECap,0.3,1.3,6,34,4,11,3,22,-2006.979,-34.60308621,746.3938517,1,3,2,9
439,SCAN+rVV10,Li26Nb3V11(O17F3)2,LMOF_mF0.15_xM3_0.275_1873.0K_491,Pristine,0.3,1.3,6,34,26,11,3,0,-2120.7079,-26.50884875,704.5802107,0,26,0,11
440,SCAN+rVV10,Nb3V11(O17F3)2,LMOF_mF0.15_xM3_0.275_1873.0K_492,FullDeLi,0.3,1.3,6,34,0,11,3,26,-1976.9404,-36.61000741,674.8936082,0,0,0,11
441,SCAN+rVV10,Li4Nb3V11(O17F3)2,LMOF_mF0.15_xM3_0.275_1873.0K_492,FullDeLiECap,0.3,1.3,6,34,4,11,3,22,-2008.9087,-34.6363569,667.9069588,2,2,0,11
442,SCAN+rVV10,Li26Nb3V11(O17F3)2,LMOF_mF0.15_xM3_0.275_1873.0K_492,Pristine,0.3,1.3,6,34,26,11,3,0,-2119.6888,-26.49611,708.8050067,0,26,0,11
443,SCAN+rVV10,Nb3V11(O17F3)2,LMOF_mF0.15_xM3_0.275_1873.0K_493,FullDeLi,0.3,1.3,6,34,0,11,3,26,-1976.8546,-36.60841852,653.5123055,0,0,1,10
444,SCAN+rVV10,Li4Nb3V11(O17F3)2,LMOF_mF0.15_xM3_0.275_1873.0K_493,FullDeLiECap,0.3,1.3,6,34,4,11,3,22,-2006.4502,-34.59396897,708.2379199,1,3,1,10
445,SCAN+rVV10,Li26Nb3V11(O17F3)2,LMOF_mF0.15_xM3_0.275_1873.0K_493,Pristine,0.3,1.3,6,34,26,11,3,0,-2119.4124,-26.492655,702.0124709,0,26,0,11
446,SCAN+rVV10,Nb3V11(O17F3)2,LMOF_mF0.15_xM3_0.275_1873.0K_494,FullDeLi,0.3,1.3,6,34,0,11,3,26,-1979.7118,-36.66132963,647.6771376,0,0,1,10
447,SCAN+rVV10,Li4Nb3V11(O17F3)2,LMOF_mF0.15_xM3_0.275_1873.0K_494,FullDeLiECap,0.3,1.3,6,34,4,11,3,22,-2008.3503,-34.62672931,668.6200814,1,3,1,10
448,SCAN+rVV10,Li26Nb3V11(O17F3)2,LMOF_mF0.15_xM3_0.275_1873.0K_494,Pristine,0.3,1.3,6,34,26,11,3,0,-2119.7484,-26.496855,703.426155,0,26,0,11
449,SCAN+rVV10,Nb3V11(O17F3)2,LMOF_mF0.15_xM3_0.275_1873.0K_495,FullDeLi,0.3,1.3,6,34,0,11,3,26,-1976.9174,-36.60958148,667.3051583,0,0,3,8
450,SCAN+rVV10,Li4Nb3V11(O17F3)2,LMOF_mF0.15_xM3_0.275_1873.0K_495,FullDeLiECap,0.3,1.3,6,34,4,11,3,22,-2007.6064,-34.61390345,725.4186029,2,2,3,8
451,SCAN+rVV10,Li26Nb3V11(O17F3)2,LMOF_mF0.15_xM3_0.275_1873.0K_495,Pristine,0.3,1.3,6,34,26,11,3,0,-2120.6472,-26.50809,698.2453587,0,26,0,11
452,SCAN+rVV10,Nb3V11(O17F3)2,LMOF_mF0.15_xM3_0.275_1873.0K_496,FullDeLi,0.3,1.3,6,34,0,11,3,26,-1978.3577,-36.6362537,649.0759842,0,0,0,11
453,SCAN+rVV10,Li4Nb3V11(O17F3)2,LMOF_mF0.15_xM3_0.275_1873.0K_496,FullDeLiECap,0.3,1.3,6,34,4,11,3,22,-2009.7899,-34.65155,676.7172135,3,1,0,11
454,SCAN+rVV10,Li26Nb3V11(O17F3)2,LMOF_mF0.15_xM3_0.275_1873.0K_496,Pristine,0.3,1.3,6,34,26,11,3,0,-2120.3534,-26.5044175,699.1226223,0,26,0,11
455,SCAN+rVV10,Nb3V11(O17F3)2,LMOF_mF0.15_xM3_0.275_1873.0K_497,FullDeLi,0.3,1.3,6,34,0,11,3,26,-1978.3368,-36.63586667,689.3342705,0,0,1,10
456,SCAN+rVV10,Li4Nb3V11(O17F3)2,LMOF_mF0.15_xM3_0.275_1873.0K_497,FullDeLiECap,0.3,1.3,6,34,4,11,3,22,-2002.1251,-34.51939828,683.7334115,2,2,1,10
457,SCAN+rVV10,Li26Nb3V11(O17F3)2,LMOF_mF0.15_xM3_0.275_1873.0K_497,Pristine,0.3,1.3,6,34,26,11,3,0,-2118.9479,-26.48684875,705.3404496,0,26,0,11
458,SCAN+rVV10,Nb3V11(O17F3)2,LMOF_mF0.15_xM3_0.275_1873.0K_498,FullDeLi,0.3,1.3,6,34,0,11,3,26,-1976.894,-36.60914815,636.517967,0,0,0,11
459,SCAN+rVV10,Li4Nb3V11(O17F3)2,LMOF_mF0.15_xM3_0.275_1873.0K_498,FullDeLiECap,0.3,1.3,6,34,4,11,3,22,-2007.5151,-34.61232931,681.8601114,0,4,0,11
460,SCAN+rVV10,Li26Nb3V11(O17F3)2,LMOF_mF0.15_xM3_0.275_1873.0K_498,Pristine,0.3,1.3,6,34,26,11,3,0,-2120.8056,-26.51007,701.8095233,0,26,0,11
461,SCAN+rVV10,Nb3V11(O17F3)2,LMOF_mF0.15_xM3_0.275_1873.0K_499,FullDeLi,0.3,1.3,6,34,0,11,3,26,-1976.143,-36.59524074,652.2835234,0,0,0,11
462,SCAN+rVV10,Li4Nb3V11(O17F3)2,LMOF_mF0.15_xM3_0.275_1873.0K_499,FullDeLiECap,0.3,1.3,6,34,4,11,3,22,-2009.3616,-34.64416552,677.2028399,1,3,2,9
463,SCAN+rVV10,Li26Nb3V11(O17F3)2,LMOF_mF0.15_xM3_0.275_1873.0K_499,Pristine,0.3,1.3,6,34,26,11,3,0,-2119.5606,-26.4945075,703.8465822,0,26,0,11
464,SCAN+rVV10,Nb3V11(O17F3)2,LMOF_mF0.15_xM3_0.275_1873.0K_500,FullDeLi,0.3,1.3,6,34,0,11,3,26,-1976.9099,-36.60944259,634.9067945,0,0,0,11
465,SCAN+rVV10,Li4Nb3V11(O17F3)2,LMOF_mF0.15_xM3_0.275_1873.0K_500,FullDeLiECap,0.3,1.3,6,34,4,11,3,22,-2007.683,-34.61522414,682.5088496,2,2,0,11
466,SCAN+rVV10,Li26Nb3V11(O17F3)2,LMOF_mF0.15_xM3_0.275_1873.0K_500,Pristine,0.3,1.3,6,34,26,11,3,0,-2119.007,-26.4875875,706.2741826,0,26,0,11
467,SCAN+rVV10,NbV15(O17F3)2,LMOF_mF0.15_xM3_0.375_1873.0K_491,FullDeLi,0.3,1.2,6,34,0,15,1,24,-2449.0587,-43.73319107,649.5931773,0,0,0,15
468,SCAN+rVV10,Li24NbV15(O17F3)2,LMOF_mF0.15_xM3_0.375_1873.0K_491,Pristine,0.3,1.2,6,34,24,15,1,0,-2574.7622,-32.1845275,692.8568237,0,24,0,15
469,SCAN+rVV10,NbV15(O17F3)2,LMOF_mF0.15_xM3_0.375_1873.0K_492,FullDeLi,0.3,1.2,6,34,0,15,1,24,-2452.5746,-43.795975,651.8112934,0,0,1,14
470,SCAN+rVV10,Li24NbV15(O17F3)2,LMOF_mF0.15_xM3_0.375_1873.0K_492,Pristine,0.3,1.2,6,34,24,15,1,0,-2574.9901,-32.18737625,687.4927134,0,24,0,15
471,SCAN+rVV10,NbV15(O17F3)2,LMOF_mF0.15_xM3_0.375_1873.0K_493,FullDeLi,0.3,1.2,6,34,0,15,1,24,-2454.5842,-43.83186071,632.0701695,0,0,1,14
472,SCAN+rVV10,Li24NbV15(O17F3)2,LMOF_mF0.15_xM3_0.375_1873.0K_493,Pristine,0.3,1.2,6,34,24,15,1,0,-2573.46,-32.16825,692.2215998,0,24,0,15
473,SCAN+rVV10,NbV15(O17F3)2,LMOF_mF0.15_xM3_0.375_1873.0K_494,FullDeLi,0.3,1.2,6,34,0,15,1,24,-2453.7192,-43.81641429,636.0431231,0,0,0,15
474,SCAN+rVV10,Li24NbV15(O17F3)2,LMOF_mF0.15_xM3_0.375_1873.0K_494,Pristine,0.3,1.2,6,34,24,15,1,0,-2575.0952,-32.18869,696.3550593,0,24,0,15
475,SCAN+rVV10,NbV15(O17F3)2,LMOF_mF0.15_xM3_0.375_1873.0K_495,FullDeLi,0.3,1.2,6,34,0,15,1,24,-2453.0035,-43.80363393,649.441214,0,0,1,14
476,SCAN+rVV10,Li24NbV15(O17F3)2,LMOF_mF0.15_xM3_0.375_1873.0K_495,Pristine,0.3,1.2,6,34,24,15,1,0,-2573.485,-32.1685625,701.6378474,0,24,0,15
477,SCAN+rVV10,NbV15(O17F3)2,LMOF_mF0.15_xM3_0.375_1873.0K_496,FullDeLi,0.3,1.2,6,34,0,15,1,24,-2452.9743,-43.8031125,630.0636196,0,0,1,14
478,SCAN+rVV10,Li24NbV15(O17F3)2,LMOF_mF0.15_xM3_0.375_1873.0K_496,Pristine,0.3,1.2,6,34,24,15,1,0,-2574.0774,-32.1759675,692.0764549,0,24,0,15
479,SCAN+rVV10,NbV15(O17F3)2,LMOF_mF0.15_xM3_0.375_1873.0K_497,FullDeLi,0.3,1.2,6,34,0,15,1,24,-2452.9677,-43.80299464,630.5089747,0,0,0,15
480,SCAN+rVV10,Li24NbV15(O17F3)2,LMOF_mF0.15_xM3_0.375_1873.0K_497,Pristine,0.3,1.2,6,34,24,15,1,0,-2574.4432,-32.18054,693.0397725,0,24,0,15
481,SCAN+rVV10,NbV15(O17F3)2,LMOF_mF0.15_xM3_0.375_1873.0K_498,FullDeLi,0.3,1.2,6,34,0,15,1,24,-2451.7848,-43.78187143,653.0173611,0,0,0,15
482,SCAN+rVV10,Li24NbV15(O17F3)2,LMOF_mF0.15_xM3_0.375_1873.0K_498,Pristine,0.3,1.2,6,34,24,15,1,0,-2574.1498,-32.1768725,700.5866359,0,24,0,15
483,SCAN+rVV10,NbV15(O17F3)2,LMOF_mF0.15_xM3_0.375_1873.0K_499,FullDeLi,0.3,1.2,6,34,0,15,1,24,-2453.7686,-43.81729643,628.215299,0,0,1,14
484,SCAN+rVV10,Li24NbV15(O17F3)2,LMOF_mF0.15_xM3_0.375_1873.0K_499,Pristine,0.3,1.2,6,34,24,15,1,0,-2573.6725,-32.17090625,695.1580526,0,24,0,15
485,SCAN+rVV10,NbV15(O17F3)2,LMOF_mF0.15_xM3_0.375_1873.0K_500,FullDeLi,0.3,1.2,6,34,0,15,1,24,-2454.0422,-43.82218214,628.4004433,0,0,2,13
486,SCAN+rVV10,Li24NbV15(O17F3)2,LMOF_mF0.15_xM3_0.375_1873.0K_500,Pristine,0.3,1.2,6,34,24,15,1,0,-2574.3695,-32.17961875,687.0067802,0,24,0,15
487,SCAN+rVV10,Li20Nb7V5(O19F)2,LMOF_mF0.05_xM3_0.125_1273.0K_491,DeLi4Li,0.1,1.4,2,38,20,5,7,8,-1385.9537,-19.24935694,722.2221525,0,20,0,5
488,SCAN+rVV10,Nb7V5(O19F)2,LMOF_mF0.05_xM3_0.125_1273.0K_491,FullDeLi,0.1,1.4,2,38,0,5,7,28,-1258.9795,-24.21114423,749.4636421,0,0,2,3
489,SCAN+rVV10,Li18Nb7V5(O19F)2,LMOF_mF0.05_xM3_0.125_1273.0K_491,FullDeLiECap,0.1,1.4,2,38,18,5,7,10,-1375.1832,-19.64547429,737.0484487,1,17,0,5
490,SCAN+rVV10,Li28Nb7V5(O19F)2,LMOF_mF0.05_xM3_0.125_1273.0K_491,Pristine,0.1,1.4,2,38,28,5,7,0,-1423.7041,-17.79630125,717.5384955,0,28,0,5
491,SCAN+rVV10,Li20Nb7V5(O19F)2,LMOF_mF0.05_xM3_0.125_1273.0K_492,DeLi4Li,0.1,1.4,2,38,20,5,7,8,-1384.8019,-19.23335972,721.7683823,0,20,0,5
492,SCAN+rVV10,Nb7V5(O19F)2,LMOF_mF0.05_xM3_0.125_1273.0K_492,FullDeLi,0.1,1.4,2,38,0,5,7,28,-1248.9391,-24.01805962,743.040378,0,0,1,4
493,SCAN+rVV10,Li18Nb7V5(O19F)2,LMOF_mF0.05_xM3_0.125_1273.0K_492,FullDeLiECap,0.1,1.4,2,38,18,5,7,10,-1374.8955,-19.64136429,714.1650369,0,18,0,5
494,SCAN+rVV10,Li28Nb7V5(O19F)2,LMOF_mF0.05_xM3_0.125_1273.0K_492,Pristine,0.1,1.4,2,38,28,5,7,0,-1423.9642,-17.7995525,719.647149,0,28,0,5
495,SCAN+rVV10,Li20Nb7V5(O19F)2,LMOF_mF0.05_xM3_0.125_1273.0K_493,DeLi4Li,0.1,1.4,2,38,20,5,7,8,-1383.9386,-19.22136944,720.3657406,1,19,0,5
496,SCAN+rVV10,Nb7V5(O19F)2,LMOF_mF0.05_xM3_0.125_1273.0K_493,FullDeLi,0.1,1.4,2,38,0,5,7,28,-1251.0317,-24.05830192,708.9011605,0,0,1,4
497,SCAN+rVV10,Li18Nb7V5(O19F)2,LMOF_mF0.05_xM3_0.125_1273.0K_493,FullDeLiECap,0.1,1.4,2,38,18,5,7,10,-1373.5992,-19.62284571,783.5322437,8,10,4,1
498,SCAN+rVV10,Li28Nb7V5(O19F)2,LMOF_mF0.05_xM3_0.125_1273.0K_493,Pristine,0.1,1.4,2,38,28,5,7,0,-1423.9773,-17.79971625,719.928056,0,28,0,5
499,SCAN+rVV10,Li20Nb7V5(O19F)2,LMOF_mF0.05_xM3_0.125_1273.0K_494,DeLi4Li,0.1,1.4,2,38,20,5,7,8,-1385.6369,-19.24495694,748.6423537,0,20,0,5
500,SCAN+rVV10,Nb7V5(O19F)2,LMOF_mF0.05_xM3_0.125_1273.0K_494,FullDeLi,0.1,1.4,2,38,0,5,7,28,-1257.2449,-24.17778654,659.9742746,0,0,1,4
501,SCAN+rVV10,Li18Nb7V5(O19F)2,LMOF_mF0.05_xM3_0.125_1273.0K_494,FullDeLiECap,0.1,1.4,2,38,18,5,7,10,-1374.0297,-19.62899571,746.6857556,5,13,1,4
502,SCAN+rVV10,Li28Nb7V5(O19F)2,LMOF_mF0.05_xM3_0.125_1273.0K_494,Pristine,0.1,1.4,2,38,28,5,7,0,-1423.3171,-17.79146375,721.5025418,0,28,0,5
503,SCAN+rVV10,Li20Nb7V5(O19F)2,LMOF_mF0.05_xM3_0.125_1273.0K_495,DeLi4Li,0.1,1.4,2,38,20,5,7,8,-1385.3259,-19.2406375,735.4313146,0,20,0,5
504,SCAN+rVV10,Nb7V5(O19F)2,LMOF_mF0.05_xM3_0.125_1273.0K_495,FullDeLi,0.1,1.4,2,38,0,5,7,28,-1253.318,-24.10226923,748.941601,0,0,1,4
505,SCAN+rVV10,Li18Nb7V5(O19F)2,LMOF_mF0.05_xM3_0.125_1273.0K_495,FullDeLiECap,0.1,1.4,2,38,18,5,7,10,-1373.7333,-19.62476143,743.9976248,4,14,0,5
506,SCAN+rVV10,Li28Nb7V5(O19F)2,LMOF_mF0.05_xM3_0.125_1273.0K_495,Pristine,0.1,1.4,2,38,28,5,7,0,-1424.172,-17.80215,723.1401407,0,28,0,5
507,SCAN+rVV10,Li20Nb7V5(O19F)2,LMOF_mF0.05_xM3_0.125_1273.0K_496,DeLi4Li,0.1,1.4,2,38,20,5,7,8,-1383.3158,-19.21271944,738.787724,2,18,0,5
508,SCAN+rVV10,Nb7V5(O19F)2,LMOF_mF0.05_xM3_0.125_1273.0K_496,FullDeLi,0.1,1.4,2,38,0,5,7,28,-1256.6049,-24.16547885,709.7369449,0,0,1,4
509,SCAN+rVV10,Li18Nb7V5(O19F)2,LMOF_mF0.05_xM3_0.125_1273.0K_496,FullDeLiECap,0.1,1.4,2,38,18,5,7,10,-1372.8407,-19.61201,768.795511,7,11,0,5
510,SCAN+rVV10,Li28Nb7V5(O19F)2,LMOF_mF0.05_xM3_0.125_1273.0K_496,Pristine,0.1,1.4,2,38,28,5,7,0,-1423.6641,-17.79580125,723.3493673,0,28,0,5
511,SCAN+rVV10,Li20Nb7V5(O19F)2,LMOF_mF0.05_xM3_0.125_1273.0K_497,DeLi4Li,0.1,1.4,2,38,20,5,7,8,-1384.9762,-19.23578056,720.8658852,0,20,0,5
512,SCAN+rVV10,Nb7V5(O19F)2,LMOF_mF0.05_xM3_0.125_1273.0K_497,FullDeLi,0.1,1.4,2,38,0,5,7,28,-1254.0286,-24.11593462,732.3450397,0,0,1,4
513,SCAN+rVV10,Li18Nb7V5(O19F)2,LMOF_mF0.05_xM3_0.125_1273.0K_497,FullDeLiECap,0.1,1.4,2,38,18,5,7,10,-1374.9176,-19.64168,719.625581,0,18,0,5
514,SCAN+rVV10,Li28Nb7V5(O19F)2,LMOF_mF0.05_xM3_0.125_1273.0K_497,Pristine,0.1,1.4,2,38,28,5,7,0,-1424.2448,-17.80306,723.9307149,0,28,0,5
515,SCAN+rVV10,Li20Nb7V5(O19F)2,LMOF_mF0.05_xM3_0.125_1273.0K_498,DeLi4Li,0.1,1.4,2,38,20,5,7,8,-1385.2088,-19.23901111,728.0819624,0,20,0,5
516,SCAN+rVV10,Nb7V5(O19F)2,LMOF_mF0.05_xM3_0.125_1273.0K_498,FullDeLi,0.1,1.4,2,38,0,5,7,28,-1252.318,-24.08303846,737.5959395,0,0,1,4
517,SCAN+rVV10,Li18Nb7V5(O19F)2,LMOF_mF0.05_xM3_0.125_1273.0K_498,FullDeLiECap,0.1,1.4,2,38,18,5,7,10,-1375.2492,-19.64641714,727.1813262,4,14,0,5
518,SCAN+rVV10,Li28Nb7V5(O19F)2,LMOF_mF0.05_xM3_0.125_1273.0K_498,Pristine,0.1,1.4,2,38,28,5,7,0,-1424.2673,-17.80334125,720.823784,0,28,0,5
519,SCAN+rVV10,Li20Nb7V5(O19F)2,LMOF_mF0.05_xM3_0.125_1273.0K_499,DeLi4Li,0.1,1.4,2,38,20,5,7,8,-1383.8511,-19.22015417,732.2567807,0,20,0,5
520,SCAN+rVV10,Nb7V5(O19F)2,LMOF_mF0.05_xM3_0.125_1273.0K_499,FullDeLi,0.1,1.4,2,38,0,5,7,28,-1256.3268,-24.16013077,780.407967,0,0,0,5
521,SCAN+rVV10,Li18Nb7V5(O19F)2,LMOF_mF0.05_xM3_0.125_1273.0K_499,FullDeLiECap,0.1,1.4,2,38,18,5,7,10,-1374.3805,-19.63400714,744.6393893,3,15,0,5
522,SCAN+rVV10,Li28Nb7V5(O19F)2,LMOF_mF0.05_xM3_0.125_1273.0K_499,Pristine,0.1,1.4,2,38,28,5,7,0,-1423.438,-17.792975,725.365543,0,28,0,5
523,SCAN+rVV10,Li20Nb7V5(O19F)2,LMOF_mF0.05_xM3_0.125_1273.0K_500,DeLi4Li,0.1,1.4,2,38,20,5,7,8,-1385.2991,-19.24026528,723.8133235,0,20,0,5
524,SCAN+rVV10,Nb7V5(O19F)2,LMOF_mF0.05_xM3_0.125_1273.0K_500,FullDeLi,0.1,1.4,2,38,0,5,7,28,-1254.6264,-24.12743077,801.3630864,0,0,1,4
525,SCAN+rVV10,Li18Nb7V5(O19F)2,LMOF_mF0.05_xM3_0.125_1273.0K_500,FullDeLiECap,0.1,1.4,2,38,18,5,7,10,-1375.2347,-19.64621,746.0859094,4,14,0,5
526,SCAN+rVV10,Li28Nb7V5(O19F)2,LMOF_mF0.05_xM3_0.125_1273.0K_500,Pristine,0.1,1.4,2,38,28,5,7,0,-1424.319,-17.8039875,722.0850922,0,28,0,5
527,SCAN+rVV10,Li18Nb5V9(O19F)2,LMOF_mF0.05_xM3_0.225_1273.0K_491,DeLi4Li,0.1,1.3,2,38,18,9,5,8,-1840.7133,-25.5654625,703.7021508,0,18,0,9
528,SCAN+rVV10,Nb5V9(O19F)2,LMOF_mF0.05_xM3_0.225_1273.0K_491,FullDeLi,0.1,1.3,2,38,0,9,5,26,-1732.4564,-32.08252593,732.0373358,0,0,2,7
529,SCAN+rVV10,Li8Nb5V9(O19F)2,LMOF_mF0.05_xM3_0.225_1273.0K_491,FullDeLiECap,0.1,1.3,2,38,8,9,5,18,-1789.9222,-28.8697129,730.9512684,3,5,3,6
530,SCAN+rVV10,Li26Nb5V9(O19F)2,LMOF_mF0.05_xM3_0.225_1273.0K_491,Pristine,0.1,1.3,2,38,26,9,5,0,-1878.1652,-23.477065,707.9318855,0,26,0,9
531,SCAN+rVV10,Li18Nb5V9(O19F)2,LMOF_mF0.05_xM3_0.225_1273.0K_492,DeLi4Li,0.1,1.3,2,38,18,9,5,8,-1839.6883,-25.55122639,707.0259552,0,18,0,9
532,SCAN+rVV10,Nb5V9(O19F)2,LMOF_mF0.05_xM3_0.225_1273.0K_492,FullDeLi,0.1,1.3,2,38,0,9,5,26,-1736.3908,-32.15538519,743.7386549,0,0,1,8
533,SCAN+rVV10,Li8Nb5V9(O19F)2,LMOF_mF0.05_xM3_0.225_1273.0K_492,FullDeLiECap,0.1,1.3,2,38,8,9,5,18,-1788.5991,-28.84837258,718.3079666,3,5,1,8
534,SCAN+rVV10,Li26Nb5V9(O19F)2,LMOF_mF0.05_xM3_0.225_1273.0K_492,Pristine,0.1,1.3,2,38,26,9,5,0,-1878.3458,-23.4793225,712.3746599,0,26,0,9
535,SCAN+rVV10,Li18Nb5V9(O19F)2,LMOF_mF0.05_xM3_0.225_1273.0K_493,DeLi4Li,0.1,1.3,2,38,18,9,5,8,-1840.4937,-25.5624125,707.2226381,0,18,0,9
536,SCAN+rVV10,Nb5V9(O19F)2,LMOF_mF0.05_xM3_0.225_1273.0K_493,FullDeLi,0.1,1.3,2,38,0,9,5,26,-1734.0949,-32.11286852,741.905411,0,0,1,8
537,SCAN+rVV10,Li8Nb5V9(O19F)2,LMOF_mF0.05_xM3_0.225_1273.0K_493,FullDeLiECap,0.1,1.3,2,38,8,9,5,18,-1786.15,-28.80887097,749.6777747,5,3,0,9
538,SCAN+rVV10,Li26Nb5V9(O19F)2,LMOF_mF0.05_xM3_0.225_1273.0K_493,Pristine,0.1,1.3,2,38,26,9,5,0,-1878.3273,-23.47909125,716.0720954,0,26,0,9
539,SCAN+rVV10,Li18Nb5V9(O19F)2,LMOF_mF0.05_xM3_0.225_1273.0K_494,DeLi4Li,0.1,1.3,2,38,18,9,5,8,-1840.3738,-25.56074722,706.1150775,0,18,0,9
540,SCAN+rVV10,Nb5V9(O19F)2,LMOF_mF0.05_xM3_0.225_1273.0K_494,FullDeLi,0.1,1.3,2,38,0,9,5,26,-1730.2772,-32.04217037,708.087569,0,0,1,8
541,SCAN+rVV10,Li8Nb5V9(O19F)2,LMOF_mF0.05_xM3_0.225_1273.0K_494,FullDeLiECap,0.1,1.3,2,38,8,9,5,18,-1788.7848,-28.85136774,712.9251841,4,4,0,9
542,SCAN+rVV10,Li26Nb5V9(O19F)2,LMOF_mF0.05_xM3_0.225_1273.0K_494,Pristine,0.1,1.3,2,38,26,9,5,0,-1877.9526,-23.4744075,713.9814478,0,26,0,9
543,SCAN+rVV10,Li18Nb5V9(O19F)2,LMOF_mF0.05_xM3_0.225_1273.0K_495,DeLi4Li,0.1,1.3,2,38,18,9,5,8,-1839.3948,-25.54715,694.1898444,0,18,0,9
544,SCAN+rVV10,Nb5V9(O19F)2,LMOF_mF0.05_xM3_0.225_1273.0K_495,FullDeLi,0.1,1.3,2,38,0,9,5,26,-1733.4425,-32.10078704,694.99188,0,0,0,9
545,SCAN+rVV10,Li8Nb5V9(O19F)2,LMOF_mF0.05_xM3_0.225_1273.0K_495,FullDeLiECap,0.1,1.3,2,38,8,9,5,18,-1785.653,-28.80085484,780.8588245,3,5,3,6
546,SCAN+rVV10,Li26Nb5V9(O19F)2,LMOF_mF0.05_xM3_0.225_1273.0K_495,Pristine,0.1,1.3,2,38,26,9,5,0,-1877.6488,-23.47061,713.8472158,0,26,0,9
547,SCAN+rVV10,Li18Nb5V9(O19F)2,LMOF_mF0.05_xM3_0.225_1273.0K_496,DeLi4Li,0.1,1.3,2,38,18,9,5,8,-1840.3622,-25.56058611,710.0603324,0,18,0,9
548,SCAN+rVV10,Nb5V9(O19F)2,LMOF_mF0.05_xM3_0.225_1273.0K_496,FullDeLi,0.1,1.3,2,38,0,9,5,26,-1737.3564,-32.17326667,725.9029508,0,0,1,8
549,SCAN+rVV10,Li8Nb5V9(O19F)2,LMOF_mF0.05_xM3_0.225_1273.0K_496,FullDeLiECap,0.1,1.3,2,38,8,9,5,18,-1789.2724,-28.85923226,722.8511678,6,2,0,9
550,SCAN+rVV10,Li26Nb5V9(O19F)2,LMOF_mF0.05_xM3_0.225_1273.0K_496,Pristine,0.1,1.3,2,38,26,9,5,0,-1877.8421,-23.47302625,717.3816913,0,26,0,9
551,SCAN+rVV10,Li18Nb5V9(O19F)2,LMOF_mF0.05_xM3_0.225_1273.0K_497,DeLi4Li,0.1,1.3,2,38,18,9,5,8,-1840.9345,-25.56853472,710.4298856,0,18,0,9
552,SCAN+rVV10,Nb5V9(O19F)2,LMOF_mF0.05_xM3_0.225_1273.0K_497,FullDeLi,0.1,1.3,2,38,0,9,5,26,-1729.9337,-32.03580926,681.2951369,0,0,0,9
553,SCAN+rVV10,Li8Nb5V9(O19F)2,LMOF_mF0.05_xM3_0.225_1273.0K_497,FullDeLiECap,0.1,1.3,2,38,8,9,5,18,-1789.8556,-28.86863871,691.1518105,5,3,0,9
554,SCAN+rVV10,Li26Nb5V9(O19F)2,LMOF_mF0.05_xM3_0.225_1273.0K_497,Pristine,0.1,1.3,2,38,26,9,5,0,-1877.468,-23.46835,715.4020361,0,26,0,9
555,SCAN+rVV10,Li18Nb5V9(O19F)2,LMOF_mF0.05_xM3_0.225_1273.0K_498,DeLi4Li,0.1,1.3,2,38,18,9,5,8,-1840.6635,-25.56477083,703.5080874,0,18,0,9
556,SCAN+rVV10,Nb5V9(O19F)2,LMOF_mF0.05_xM3_0.225_1273.0K_498,FullDeLi,0.1,1.3,2,38,0,9,5,26,-1734.4497,-32.11943889,734.7301541,0,0,1,8
557,SCAN+rVV10,Li8Nb5V9(O19F)2,LMOF_mF0.05_xM3_0.225_1273.0K_498,FullDeLiECap,0.1,1.3,2,38,8,9,5,18,-1789.8318,-28.86825484,733.0280226,6,2,2,7
558,SCAN+rVV10,Li26Nb5V9(O19F)2,LMOF_mF0.05_xM3_0.225_1273.0K_498,Pristine,0.1,1.3,2,38,26,9,5,0,-1878.2417,-23.47802125,714.2888268,0,26,0,9
559,SCAN+rVV10,Li18Nb5V9(O19F)2,LMOF_mF0.05_xM3_0.225_1273.0K_499,DeLi4Li,0.1,1.3,2,38,18,9,5,8,-1839.669,-25.55095833,718.9278185,0,18,0,9
560,SCAN+rVV10,Nb5V9(O19F)2,LMOF_mF0.05_xM3_0.225_1273.0K_499,FullDeLi,0.1,1.3,2,38,0,9,5,26,-1731.3816,-32.06262222,853.0701665,0,0,4,5
561,SCAN+rVV10,Li8Nb5V9(O19F)2,LMOF_mF0.05_xM3_0.225_1273.0K_499,FullDeLiECap,0.1,1.3,2,38,8,9,5,18,-1789.1119,-28.85664355,712.4346665,4,4,0,9
562,SCAN+rVV10,Li26Nb5V9(O19F)2,LMOF_mF0.05_xM3_0.225_1273.0K_499,Pristine,0.1,1.3,2,38,26,9,5,0,-1877.8275,-23.47284375,719.0983569,0,26,0,9
563,SCAN+rVV10,Li18Nb5V9(O19F)2,LMOF_mF0.05_xM3_0.225_1273.0K_500,DeLi4Li,0.1,1.3,2,38,18,9,5,8,-1839.5557,-25.54938472,698.4722681,0,18,0,9
564,SCAN+rVV10,Nb5V9(O19F)2,LMOF_mF0.05_xM3_0.225_1273.0K_500,FullDeLi,0.1,1.3,2,38,0,9,5,26,-1732.381,-32.08112963,658.9575079,0,0,0,9
565,SCAN+rVV10,Li8Nb5V9(O19F)2,LMOF_mF0.05_xM3_0.225_1273.0K_500,FullDeLiECap,0.1,1.3,2,38,8,9,5,18,-1789.6676,-28.86560645,678.2186744,2,6,0,9
566,SCAN+rVV10,Li26Nb5V9(O19F)2,LMOF_mF0.05_xM3_0.225_1273.0K_500,Pristine,0.1,1.3,2,38,26,9,5,0,-1878.0223,-23.47527875,710.640794,0,26,0,9
567,SCAN+rVV10,Li16Nb3V13(O19F)2,LMOF_mF0.05_xM3_0.325_1273.0K_491,DeLi4Li,0.1,1.2,2,38,16,13,3,8,-2295.9557,-31.88827361,674.1164887,0,16,0,13
568,SCAN+rVV10,Nb3V13(O19F)2,LMOF_mF0.05_xM3_0.325_1273.0K_491,FullDeLi,0.1,1.2,2,38,0,13,3,24,-2211.9039,-39.49828393,667.5990039,0,0,1,12
569,SCAN+rVV10,Li24Nb3V13(O19F)2,LMOF_mF0.05_xM3_0.325_1273.0K_491,Pristine,0.1,1.2,2,38,24,13,3,0,-2332.5373,-29.15671625,701.5363066,0,24,0,13
570,SCAN+rVV10,Li16Nb3V13(O19F)2,LMOF_mF0.05_xM3_0.325_1273.0K_492,DeLi4Li,0.1,1.2,2,38,16,13,3,8,-2295.3574,-31.87996389,697.2054547,1,15,0,13
571,SCAN+rVV10,Nb3V13(O19F)2,LMOF_mF0.05_xM3_0.325_1273.0K_492,FullDeLi,0.1,1.2,2,38,0,13,3,24,-2211.1995,-39.48570536,700.3730572,0,0,1,12
572,SCAN+rVV10,Li24Nb3V13(O19F)2,LMOF_mF0.05_xM3_0.325_1273.0K_492,Pristine,0.1,1.2,2,38,24,13,3,0,-2332.4672,-29.15584,707.1042434,0,24,0,13
573,SCAN+rVV10,Li16Nb3V13(O19F)2,LMOF_mF0.05_xM3_0.325_1273.0K_493,DeLi4Li,0.1,1.2,2,38,16,13,3,8,-2295.775,-31.88576389,684.2502908,0,16,0,13
574,SCAN+rVV10,Nb3V13(O19F)2,LMOF_mF0.05_xM3_0.325_1273.0K_493,FullDeLi,0.1,1.2,2,38,0,13,3,24,-2210.9282,-39.48086071,662.1836575,0,0,1,12
575,SCAN+rVV10,Li24Nb3V13(O19F)2,LMOF_mF0.05_xM3_0.325_1273.0K_493,Pristine,0.1,1.2,2,38,24,13,3,0,-2332.3316,-29.154145,705.4483239,0,24,0,13
576,SCAN+rVV10,Li16Nb3V13(O19F)2,LMOF_mF0.05_xM3_0.325_1273.0K_494,DeLi4Li,0.1,1.2,2,38,16,13,3,8,-2295.6416,-31.88391111,686.3513137,0,16,0,13
577,SCAN+rVV10,Nb3V13(O19F)2,LMOF_mF0.05_xM3_0.325_1273.0K_494,FullDeLi,0.1,1.2,2,38,0,13,3,24,-2213.1095,-39.5198125,647.6157777,0,0,0,13
578,SCAN+rVV10,Li24Nb3V13(O19F)2,LMOF_mF0.05_xM3_0.325_1273.0K_494,Pristine,0.1,1.2,2,38,24,13,3,0,-2332.4123,-29.15515375,703.2017492,0,24,0,13
579,SCAN+rVV10,Li16Nb3V13(O19F)2,LMOF_mF0.05_xM3_0.325_1273.0K_495,DeLi4Li,0.1,1.2,2,38,16,13,3,8,-2295.1511,-31.87709861,676.399415,0,16,0,13
580,SCAN+rVV10,Nb3V13(O19F)2,LMOF_mF0.05_xM3_0.325_1273.0K_495,FullDeLi,0.1,1.2,2,38,0,13,3,24,-2211.9659,-39.49939107,662.4598125,0,0,2,11
581,SCAN+rVV10,Li24Nb3V13(O19F)2,LMOF_mF0.05_xM3_0.325_1273.0K_495,Pristine,0.1,1.2,2,38,24,13,3,0,-2332.7157,-29.15894625,702.4144229,0,24,0,13
582,SCAN+rVV10,Li16Nb3V13(O19F)2,LMOF_mF0.05_xM3_0.325_1273.0K_496,DeLi4Li,0.1,1.2,2,38,16,13,3,8,-2295.605,-31.88340278,687.6956259,0,16,0,13
583,SCAN+rVV10,Nb3V13(O19F)2,LMOF_mF0.05_xM3_0.325_1273.0K_496,FullDeLi,0.1,1.2,2,38,0,13,3,24,-2210.3846,-39.47115357,680.8762319,0,0,2,11
584,SCAN+rVV10,Li24Nb3V13(O19F)2,LMOF_mF0.05_xM3_0.325_1273.0K_496,Pristine,0.1,1.2,2,38,24,13,3,0,-2332.1931,-29.15241375,708.6263866,0,24,0,13
585,SCAN+rVV10,Li16Nb3V13(O19F)2,LMOF_mF0.05_xM3_0.325_1273.0K_497,DeLi4Li,0.1,1.2,2,38,16,13,3,8,-2295.2247,-31.87812083,678.8781845,1,15,0,13
586,SCAN+rVV10,Nb3V13(O19F)2,LMOF_mF0.05_xM3_0.325_1273.0K_497,FullDeLi,0.1,1.2,2,38,0,13,3,24,-2210.0477,-39.4651375,658.7206814,0,0,0,13
587,SCAN+rVV10,Li24Nb3V13(O19F)2,LMOF_mF0.05_xM3_0.325_1273.0K_497,Pristine,0.1,1.2,2,38,24,13,3,0,-2332.0601,-29.15075125,708.1077414,0,24,0,13
588,SCAN+rVV10,Li16Nb3V13(O19F)2,LMOF_mF0.05_xM3_0.325_1273.0K_498,DeLi4Li,0.1,1.2,2,38,16,13,3,8,-2296.6942,-31.89853056,688.9371936,1,15,0,13
589,SCAN+rVV10,Nb3V13(O19F)2,LMOF_mF0.05_xM3_0.325_1273.0K_498,FullDeLi,0.1,1.2,2,38,0,13,3,24,-2210.6599,-39.47606964,671.0965222,0,0,0,13
590,SCAN+rVV10,Li24Nb3V13(O19F)2,LMOF_mF0.05_xM3_0.325_1273.0K_498,Pristine,0.1,1.2,2,38,24,13,3,0,-2332.8711,-29.16088875,708.4570018,0,24,0,13
591,SCAN+rVV10,Li16Nb3V13(O19F)2,LMOF_mF0.05_xM3_0.325_1273.0K_499,DeLi4Li,0.1,1.2,2,38,16,13,3,8,-2296.4979,-31.89580417,685.2373681,1,15,0,13
592,SCAN+rVV10,Nb3V13(O19F)2,LMOF_mF0.05_xM3_0.325_1273.0K_499,FullDeLi,0.1,1.2,2,38,0,13,3,24,-2210.8888,-39.48015714,671.3050743,0,0,1,12
593,SCAN+rVV10,Li24Nb3V13(O19F)2,LMOF_mF0.05_xM3_0.325_1273.0K_499,Pristine,0.1,1.2,2,38,24,13,3,0,-2332.3212,-29.154015,703.9598245,0,24,0,13
594,SCAN+rVV10,Li16Nb3V13(O19F)2,LMOF_mF0.05_xM3_0.325_1273.0K_500,DeLi4Li,0.1,1.2,2,38,16,13,3,8,-2295.2589,-31.87859583,697.5911636,0,16,0,13
595,SCAN+rVV10,Nb3V13(O19F)2,LMOF_mF0.05_xM3_0.325_1273.0K_500,FullDeLi,0.1,1.2,2,38,0,13,3,24,-2210.3911,-39.47126964,659.8392839,0,0,0,13
596,SCAN+rVV10,Li24Nb3V13(O19F)2,LMOF_mF0.05_xM3_0.325_1273.0K_500,Pristine,0.1,1.2,2,38,24,13,3,0,-2331.7523,-29.14690375,710.7473392,0,24,0,13
597,SCAN+rVV10,Li14NbV17(O19F)2,LMOF_mF0.05_xM3_0.425_1273.0K_491,DeLi4Li,0.1,1.1,2,38,14,17,1,8,-2751.8096,-38.21957778,658.0748906,0,14,0,17
598,SCAN+rVV10,NbV17(O19F)2,LMOF_mF0.05_xM3_0.425_1273.0K_491,FullDeLi,0.1,1.1,2,38,0,17,1,22,-2679.2589,-46.19411897,634.6023684,0,0,0,17
599,SCAN+rVV10,Li22NbV17(O19F)2,LMOF_mF0.05_xM3_0.425_1273.0K_491,Pristine,0.1,1.1,2,38,22,17,1,0,-2786.7789,-34.83473625,693.372219,0,22,0,17
600,SCAN+rVV10,Li14NbV17(O19F)2,LMOF_mF0.05_xM3_0.425_1273.0K_492,DeLi4Li,0.1,1.1,2,38,14,17,1,8,-2752.0164,-38.22245,664.432128,0,14,0,17
601,SCAN+rVV10,NbV17(O19F)2,LMOF_mF0.05_xM3_0.425_1273.0K_492,FullDeLi,0.1,1.1,2,38,0,17,1,22,-2679.1318,-46.19192759,629.9659617,0,0,0,17
602,SCAN+rVV10,Li22NbV17(O19F)2,LMOF_mF0.05_xM3_0.425_1273.0K_492,Pristine,0.1,1.1,2,38,22,17,1,0,-2786.7635,-34.83454375,700.5117348,0,22,0,17
603,SCAN+rVV10,Li14NbV17(O19F)2,LMOF_mF0.05_xM3_0.425_1273.0K_493,DeLi4Li,0.1,1.1,2,38,14,17,1,8,-2751.8891,-38.22068194,663.6015412,0,14,0,17
604,SCAN+rVV10,NbV17(O19F)2,LMOF_mF0.05_xM3_0.425_1273.0K_493,FullDeLi,0.1,1.1,2,38,0,17,1,22,-2679.2504,-46.19397241,646.082188,0,0,1,16
605,SCAN+rVV10,Li22NbV17(O19F)2,LMOF_mF0.05_xM3_0.425_1273.0K_493,Pristine,0.1,1.1,2,38,22,17,1,0,-2786.698,-34.833725,701.4466485,0,22,0,17
606,SCAN+rVV10,Li14NbV17(O19F)2,LMOF_mF0.05_xM3_0.425_1273.0K_494,DeLi4Li,0.1,1.1,2,38,14,17,1,8,-2751.5431,-38.21587639,659.8554734,0,14,0,17
607,SCAN+rVV10,NbV17(O19F)2,LMOF_mF0.05_xM3_0.425_1273.0K_494,FullDeLi,0.1,1.1,2,38,0,17,1,22,-2678.946,-46.18872414,678.5475539,0,0,2,15
608,SCAN+rVV10,Li22NbV17(O19F)2,LMOF_mF0.05_xM3_0.425_1273.0K_494,Pristine,0.1,1.1,2,38,22,17,1,0,-2786.5174,-34.8314675,698.2188653,0,22,0,17
609,SCAN+rVV10,Li14NbV17(O19F)2,LMOF_mF0.05_xM3_0.425_1273.0K_495,DeLi4Li,0.1,1.1,2,38,14,17,1,8,-2751.0207,-38.20862083,652.1700788,0,14,0,17
610,SCAN+rVV10,NbV17(O19F)2,LMOF_mF0.05_xM3_0.425_1273.0K_495,FullDeLi,0.1,1.1,2,38,0,17,1,22,-2679.3835,-46.19626724,660.8752612,0,0,0,17
611,SCAN+rVV10,Li22NbV17(O19F)2,LMOF_mF0.05_xM3_0.425_1273.0K_495,Pristine,0.1,1.1,2,38,22,17,1,0,-2787.2032,-34.84004,695.4204249,0,22,0,17
612,SCAN+rVV10,Li14NbV17(O19F)2,LMOF_mF0.05_xM3_0.425_1273.0K_496,DeLi4Li,0.1,1.1,2,38,14,17,1,8,-2750.9137,-38.20713472,668.6861373,0,14,0,17
613,SCAN+rVV10,NbV17(O19F)2,LMOF_mF0.05_xM3_0.425_1273.0K_496,FullDeLi,0.1,1.1,2,38,0,17,1,22,-2680.522,-46.21589655,651.340655,0,0,1,16
614,SCAN+rVV10,Li22NbV17(O19F)2,LMOF_mF0.05_xM3_0.425_1273.0K_496,Pristine,0.1,1.1,2,38,22,17,1,0,-2786.8366,-34.8354575,696.3304238,0,22,0,17
615,SCAN+rVV10,Li14NbV17(O19F)2,LMOF_mF0.05_xM3_0.425_1273.0K_497,DeLi4Li,0.1,1.1,2,38,14,17,1,8,-2751.8721,-38.22044583,659.6309663,0,14,0,17
616,SCAN+rVV10,NbV17(O19F)2,LMOF_mF0.05_xM3_0.425_1273.0K_497,FullDeLi,0.1,1.1,2,38,0,17,1,22,-2679.3559,-46.19579138,642.4513466,0,0,0,17
617,SCAN+rVV10,Li22NbV17(O19F)2,LMOF_mF0.05_xM3_0.425_1273.0K_497,Pristine,0.1,1.1,2,38,22,17,1,0,-2786.9194,-34.8364925,700.0343787,0,22,0,17
618,SCAN+rVV10,Li14NbV17(O19F)2,LMOF_mF0.05_xM3_0.425_1273.0K_498,DeLi4Li,0.1,1.1,2,38,14,17,1,8,-2751.8008,-38.21945556,663.632704,0,14,0,17
619,SCAN+rVV10,NbV17(O19F)2,LMOF_mF0.05_xM3_0.425_1273.0K_498,FullDeLi,0.1,1.1,2,38,0,17,1,22,-2678.7456,-46.18526897,661.2866703,0,0,1,16
620,SCAN+rVV10,Li22NbV17(O19F)2,LMOF_mF0.05_xM3_0.425_1273.0K_498,Pristine,0.1,1.1,2,38,22,17,1,0,-2787.2958,-34.8411975,700.7611685,0,22,0,17
621,SCAN+rVV10,Li14NbV17(O19F)2,LMOF_mF0.05_xM3_0.425_1273.0K_499,DeLi4Li,0.1,1.1,2,38,14,17,1,8,-2752.0995,-38.22360417,662.5550602,0,14,0,17
622,SCAN+rVV10,NbV17(O19F)2,LMOF_mF0.05_xM3_0.425_1273.0K_499,FullDeLi,0.1,1.1,2,38,0,17,1,22,-2679.1828,-46.1928069,655.6570432,0,0,1,16
623,SCAN+rVV10,Li22NbV17(O19F)2,LMOF_mF0.05_xM3_0.425_1273.0K_499,Pristine,0.1,1.1,2,38,22,17,1,0,-2787.4115,-34.84264375,688.3767046,0,22,0,17
624,SCAN+rVV10,Li14NbV17(O19F)2,LMOF_mF0.05_xM3_0.425_1273.0K_500,DeLi4Li,0.1,1.1,2,38,14,17,1,8,-2752.1151,-38.22382083,657.7602147,0,14,0,17
625,SCAN+rVV10,NbV17(O19F)2,LMOF_mF0.05_xM3_0.425_1273.0K_500,FullDeLi,0.1,1.1,2,38,0,17,1,22,-2679.0271,-46.19012241,648.1467856,0,0,1,16
626,SCAN+rVV10,Li22NbV17(O19F)2,LMOF_mF0.05_xM3_0.425_1273.0K_500,Pristine,0.1,1.1,2,38,22,17,1,0,-2785.9524,-34.824405,698.3949247,0,22,0,17
627,SCAN+rVV10,Li20Nb5V7(O17F3)2,LMOF_mF0.15_xM3_0.175_1873.0K_491,DeLi4Li,0.3,1.4,6,34,20,7,5,8,-1627.1809,-22.59973472,702.6130493,0,20,0,7
628,SCAN+rVV10,Li20Nb5V7(O17F3)2,LMOF_mF0.15_xM3_0.175_1873.0K_492,DeLi4Li,0.3,1.4,6,34,20,7,5,8,-1628.1989,-22.61387361,707.5014379,0,20,0,7
629,SCAN+rVV10,Li20Nb5V7(O17F3)2,LMOF_mF0.15_xM3_0.175_1873.0K_493,DeLi4Li,0.3,1.4,6,34,20,7,5,8,-1626.6724,-22.59267222,710.1139461,0,20,0,7
630,SCAN+rVV10,Li20Nb5V7(O17F3)2,LMOF_mF0.15_xM3_0.175_1873.0K_494,DeLi4Li,0.3,1.4,6,34,20,7,5,8,-1624.3992,-22.5611,714.7913595,0,20,0,7
631,SCAN+rVV10,Li20Nb5V7(O17F3)2,LMOF_mF0.15_xM3_0.175_1873.0K_495,DeLi4Li,0.3,1.4,6,34,20,7,5,8,-1626.6363,-22.59217083,695.8167592,0,20,0,7
632,SCAN+rVV10,Li20Nb5V7(O17F3)2,LMOF_mF0.15_xM3_0.175_1873.0K_496,DeLi4Li,0.3,1.4,6,34,20,7,5,8,-1627.4969,-22.60412361,702.4657632,0,20,0,7
633,SCAN+rVV10,Li20Nb5V7(O17F3)2,LMOF_mF0.15_xM3_0.175_1873.0K_497,DeLi4Li,0.3,1.4,6,34,20,7,5,8,-1625.9903,-22.58319861,706.7357993,0,20,0,7
634,SCAN+rVV10,Li20Nb5V7(O17F3)2,LMOF_mF0.15_xM3_0.175_1873.0K_498,DeLi4Li,0.3,1.4,6,34,20,7,5,8,-1625.2442,-22.57283611,714.446603,1,19,0,7
635,SCAN+rVV10,Li20Nb5V7(O17F3)2,LMOF_mF0.15_xM3_0.175_1873.0K_499,DeLi4Li,0.3,1.4,6,34,20,7,5,8,-1626.5018,-22.59030278,719.3017512,3,17,0,7
636,SCAN+rVV10,Li20Nb5V7(O17F3)2,LMOF_mF0.15_xM3_0.175_1873.0K_500,DeLi4Li,0.3,1.4,6,34,20,7,5,8,-1627.4917,-22.60405139,692.027673,0,20,0,7
637,SCAN+rVV10,Li18Nb3V11(O17F3)2,LMOF_mF0.15_xM3_0.275_1873.0K_491,DeLi4Li,0.3,1.3,6,34,18,11,3,8,-2082.4783,-28.92330972,697.0447648,1,17,0,11
638,SCAN+rVV10,Li18Nb3V11(O17F3)2,LMOF_mF0.15_xM3_0.275_1873.0K_492,DeLi4Li,0.3,1.3,6,34,18,11,3,8,-2082.257,-28.92023611,698.9281247,0,18,0,11
639,SCAN+rVV10,Li18Nb3V11(O17F3)2,LMOF_mF0.15_xM3_0.275_1873.0K_493,DeLi4Li,0.3,1.3,6,34,18,11,3,8,-2082.4777,-28.92330139,690.9717798,0,18,0,11
640,SCAN+rVV10,Li18Nb3V11(O17F3)2,LMOF_mF0.15_xM3_0.275_1873.0K_494,DeLi4Li,0.3,1.3,6,34,18,11,3,8,-2083.1449,-28.93256806,687.6916718,0,18,0,11
641,SCAN+rVV10,Li18Nb3V11(O17F3)2,LMOF_mF0.15_xM3_0.275_1873.0K_495,DeLi4Li,0.3,1.3,6,34,18,11,3,8,-2082.8363,-28.92828194,667.2329498,0,18,0,11
642,SCAN+rVV10,Li18Nb3V11(O17F3)2,LMOF_mF0.15_xM3_0.275_1873.0K_496,DeLi4Li,0.3,1.3,6,34,18,11,3,8,-2082.9089,-28.92929028,679.4170564,0,18,0,11
643,SCAN+rVV10,Li18Nb3V11(O17F3)2,LMOF_mF0.15_xM3_0.275_1873.0K_497,DeLi4Li,0.3,1.3,6,34,18,11,3,8,-2080.8133,-28.90018472,678.1556539,1,17,0,11
644,SCAN+rVV10,Li18Nb3V11(O17F3)2,LMOF_mF0.15_xM3_0.275_1873.0K_498,DeLi4Li,0.3,1.3,6,34,18,11,3,8,-2083.1854,-28.93313056,679.0700275,0,18,0,11
645,SCAN+rVV10,Li18Nb3V11(O17F3)2,LMOF_mF0.15_xM3_0.275_1873.0K_499,DeLi4Li,0.3,1.3,6,34,18,11,3,8,-2082.0253,-28.91701806,679.136412,0,18,0,11
646,SCAN+rVV10,Li18Nb3V11(O17F3)2,LMOF_mF0.15_xM3_0.275_1873.0K_500,DeLi4Li,0.3,1.3,6,34,18,11,3,8,-2083.1616,-28.9328,685.542775,0,18,0,11
647,SCAN+rVV10,Li16NbV15(O17F3)2,LMOF_mF0.15_xM3_0.375_1873.0K_491,DeLi4Li,0.3,1.2,6,34,16,15,1,8,-2539.2728,-35.26767778,663.8280146,0,16,0,15
648,SCAN+rVV10,Li16NbV15(O17F3)2,LMOF_mF0.15_xM3_0.375_1873.0K_492,DeLi4Li,0.3,1.2,6,34,16,15,1,8,-2538.4349,-35.25604028,652.4972545,0,16,0,15
649,SCAN+rVV10,Li16NbV15(O17F3)2,LMOF_mF0.15_xM3_0.375_1873.0K_493,DeLi4Li,0.3,1.2,6,34,16,15,1,8,-2538.6073,-35.25843472,660.7805765,0,16,0,15
650,SCAN+rVV10,Li16NbV15(O17F3)2,LMOF_mF0.15_xM3_0.375_1873.0K_494,DeLi4Li,0.3,1.2,6,34,16,15,1,8,-2538.8159,-35.26133194,661.2661484,0,16,0,15
651,SCAN+rVV10,Li16NbV15(O17F3)2,LMOF_mF0.15_xM3_0.375_1873.0K_495,DeLi4Li,0.3,1.2,6,34,16,15,1,8,-2537.8232,-35.24754444,678.3256169,0,16,0,15
652,SCAN+rVV10,Li16NbV15(O17F3)2,LMOF_mF0.15_xM3_0.375_1873.0K_496,DeLi4Li,0.3,1.2,6,34,16,15,1,8,-2538.3858,-35.25535833,661.4102163,0,16,0,15
653,SCAN+rVV10,Li16NbV15(O17F3)2,LMOF_mF0.15_xM3_0.375_1873.0K_497,DeLi4Li,0.3,1.2,6,34,16,15,1,8,-2538.93,-35.26291667,660.8842473,0,16,0,15
654,SCAN+rVV10,Li16NbV15(O17F3)2,LMOF_mF0.15_xM3_0.375_1873.0K_498,DeLi4Li,0.3,1.2,6,34,16,15,1,8,-2538.8156,-35.26132778,671.0579403,0,16,0,15
655,SCAN+rVV10,Li16NbV15(O17F3)2,LMOF_mF0.15_xM3_0.375_1873.0K_499,DeLi4Li,0.3,1.2,6,34,16,15,1,8,-2537.7035,-35.24588194,662.049477,0,16,0,15
656,SCAN+rVV10,Li16NbV15(O17F3)2,LMOF_mF0.15_xM3_0.375_1873.0K_500,DeLi4Li,0.3,1.2,6,34,16,15,1,8,-2537.7086,-35.24595278,659.7474167,0,16,0,15